Keyword,Intents,Volume,Keyword Difficulty,CPC,Competition Density,meztal.com,Intugo.co,remoteteamsolutions.com,hirewithnear.com,coderio.co,meztal.com (pages),Intugo.co (pages),remoteteamsolutions.com (pages),hirewithnear.com (pages),coderio.co (pages),Results
best remote jobs,Commercial,12100,51,0.87,0.39,0,0,0,90,0,,,,https://www.hirewithnear.com/blog/best-remote-hiring-companies,,1110000000
job search virtual assistant,Commercial,12100,58,0.97,0.15,0,0,0,86,0,,,,https://www.hirewithnear.com/blog/most-indemand-va-services,,193000000
peos,Informational,12100,45,12.65,0.3,0,0,0,41,0,,,,https://www.hirewithnear.com/blog/what-is-a-peo,,37300000
bpo industry,Informational,9900,56,9.42,0.16,0,0,0,13,0,,,,https://www.hirewithnear.com/blog/business-process-outsourcing-trends,,47500000
payroll companies,Commercial,9900,81,35.93,0.69,0,0,0,46,0,,,,https://www.hirewithnear.com/blog/best-outsourced-payroll-services,,105000000
w8ben,Informational,9900,37,0.9,0.02,0,0,0,29,0,,,,https://www.hirewithnear.com/blog/what-is-w8ben-form,,610000
hiring manager,Informational,8100,35,7.13,0.08,0,0,0,17,0,,,,https://www.hirewithnear.com/blog/what-is-hiring-manager,,1400000000
remote.co,"Commercial, Navigational",8100,97,0,0,0,0,0,35,0,,,,https://www.hirewithnear.com/blog/best-remote-hiring-companies,,1450000000
w-8ben,Informational,8100,40,0,0,0,0,0,29,0,,,,https://www.hirewithnear.com/blog/what-is-w8ben-form,,1070000
w8 form,Informational,8100,48,0.78,0.03,0,0,0,50,0,,,,https://www.hirewithnear.com/blog/what-is-w8ben-form,,23700000
jobs nearby,Transactional,6600,80,0.72,0.18,0,0,0,10,0,,,,https://jobs.hirewithnear.com/jobs/,,95
offer letter template,Informational,6600,29,2.13,0.76,0,0,0,66,0,,,,https://www.hirewithnear.com/blog/job-offer-letter-templates,,297000000
recruitment agencies,Commercial,6600,91,3.62,0.38,0,0,0,15,0,,,,https://www.hirewithnear.com/blog/remote-recruitment-agencies,,238000000
w8,Informational,6600,35,0.66,0.02,0,0,0,58,0,,,,https://www.hirewithnear.com/blog/what-is-w8ben-form,,41100000
w8 ben,Informational,6600,39,0.9,0.02,0,0,0,40,0,,,,https://www.hirewithnear.com/blog/what-is-w8ben-form,,1530000000
what is a peo,Informational,6600,44,5.37,0.42,0,0,0,36,0,,,,https://www.hirewithnear.com/blog/what-is-a-peo,,42700000
contingent worker,Informational,5400,42,14.59,0.06,0,0,0,22,0,,,,https://www.hirewithnear.com/blog/what-is-contingent-staffing,,36700000
executive search firms,Commercial,5400,64,4.28,0.16,0,0,0,41,0,,,,https://www.hirewithnear.com/blog/best-executive-search-firms,,191000000
hr outsourcing,"Commercial, Informational",5400,50,29.1,0.14,0,0,0,80,0,,,,https://www.hirewithnear.com/blog/human-resource-outsourcing,,61400000
