Keyword,Intents,Volume,Keyword Difficulty,CPC,Competition Density,Competitor,Competitor Presence (raw),Competitor URL,Meztal Presence (raw),Meztal URL,Results
best remote jobs,Commercial,12100,51,0.87,0.39,hirewithnear.com,90,https://www.hirewithnear.com/blog/best-remote-hiring-companies,0,,1110000000
job search virtual assistant,Commercial,12100,58,0.97,0.15,hirewithnear.com,86,https://www.hirewithnear.com/blog/most-indemand-va-services,0,,193000000
peos,Informational,12100,45,12.65,0.3,hirewithnear.com,41,https://www.hirewithnear.com/blog/what-is-a-peo,0,,37300000
bpo industry,Informational,9900,56,9.42,0.16,hirewithnear.com,13,https://www.hirewithnear.com/blog/business-process-outsourcing-trends,0,,47500000
payroll companies,Commercial,9900,81,35.93,0.69,hirewithnear.com,46,https://www.hirewithnear.com/blog/best-outsourced-payroll-services,0,,105000000
w8ben,Informational,9900,37,0.9,0.02,hirewithnear.com,29,https://www.hirewithnear.com/blog/what-is-w8ben-form,0,,610000
hiring manager,Informational,8100,35,7.13,0.08,hirewithnear.com,17,https://www.hirewithnear.com/blog/what-is-hiring-manager,0,,1400000000
remote.co,"Commercial, Navigational",8100,97,0,0,hirewithnear.com,35,https://www.hirewithnear.com/blog/best-remote-hiring-companies,0,,1450000000
w-8ben,Informational,8100,40,0,0,hirewithnear.com,29,https://www.hirewithnear.com/blog/what-is-w8ben-form,0,,1070000
w8 form,Informational,8100,48,0.78,0.03,hirewithnear.com,50,https://www.hirewithnear.com/blog/what-is-w8ben-form,0,,23700000
jobs nearby,Transactional,6600,80,0.72,0.18,hirewithnear.com,10,https://jobs.hirewithnear.com/jobs/,0,,95
offer letter template,Informational,6600,29,2.13,0.76,hirewithnear.com,66,https://www.hirewithnear.com/blog/job-offer-letter-templates,0,,297000000
recruitment agencies,Commercial,6600,91,3.62,0.38,hirewithnear.com,15,https://www.hirewithnear.com/blog/remote-recruitment-agencies,0,,238000000
w8,Informational,6600,35,0.66,0.02,hirewithnear.com,58,https://www.hirewithnear.com/blog/what-is-w8ben-form,0,,41100000
w8 ben,Informational,6600,39,0.9,0.02,hirewithnear.com,40,https://www.hirewithnear.com/blog/what-is-w8ben-form,0,,1530000000
what is a peo,Informational,6600,44,5.37,0.42,hirewithnear.com,36,https://www.hirewithnear.com/blog/what-is-a-peo,0,,42700000
contingent worker,Informational,5400,42,14.59,0.06,hirewithnear.com,22,https://www.hirewithnear.com/blog/what-is-contingent-staffing,0,,36700000
executive search firms,Commercial,5400,64,4.28,0.16,hirewithnear.com,41,https://www.hirewithnear.com/blog/best-executive-search-firms,0,,191000000
hr outsourcing,"Commercial, Informational",5400,50,29.1,0.14,hirewithnear.com,80,https://www.hirewithnear.com/blog/human-resource-outsourcing,0,,61400000
