Category,Subcategory,Item,Priority,Status,Description,Recommendation,Timeline,Estimated Cost,Notes
Keywords,Primary,Nearshore Staffing Mexico,High,Not Optimized,Direct service match with growing market demand,Optimize homepage and service pages for this term,Month 1,$500,Target in title tags and H1s
Keywords,Primary,Remote Teams Mexico,High,Not Optimized,Core offering with high search volume,Create dedicated landing page,Month 1,$500,Focus on benefits and process
Keywords,Primary,Staffing Solutions Guadalajara,High,Not Optimized,Location-specific advantage,Optimize location pages,Month 1,$500,Emphasize Silicon Valley of Mexico
Keywords,Primary,IT Staffing Mexico,High,Not Optimized,High-value vertical with strong ROI,Create IT-specific service page,Month 2,$750,Include tech stack and roles
Keywords,Primary,Cost-Effective Staffing,Medium,Not Optimized,Key differentiator for value proposition,Integrate into cost comparison content,Month 2,$300,Use in meta descriptions
Keywords,Secondary,Outsourcing Mexico,Medium,Not Optimized,Broader market capture opportunity,Create educational content,Month 3,$400,Target informational intent
Keywords,Secondary,Talent Acquisition Mexico,Medium,Not Optimized,Professional terminology for HR audience,Use in blog content and service descriptions,Month 2,$300,B2B focused content
Keywords,Secondary,Hire Remote Employees Mexico,Medium,Not Optimized,Action-oriented search phrase,Optimize CTA pages and forms,Month 2,$250,Conversion-focused optimization
Keywords,Secondary,Guadalajara Tech Talent,Medium,Not Optimized,Location + industry specific targeting,Create Guadalajara talent pool content,Month 3,$400,Local SEO focus
Keywords,Secondary,HR and Payroll Services Mexico,Medium,Not Optimized,Service-specific targeting,Add to services section,Month 3,$300,Highlight management services
Keywords,Long-tail,Benefits of nearshoring to Mexico,Low,Not Optimized,Educational content opportunity,Create comprehensive guide,Month 4,$600,Lead magnet potential
Keywords,Long-tail,How to hire remote developers in Guadalajara,Low,Not Optimized,How-to content for IT hiring,Write detailed blog post,Month 4,$400,Step-by-step guide
Keywords,Long-tail,Cost comparison nearshore vs offshore,Low,Not Optimized,Comparison content for decision makers,Create comparison tool/calculator,Month 5,$800,Interactive content
Keywords,Long-tail,Best practices managing remote teams Mexico,Low,Not Optimized,Management-focused content,Write management guide,Month 5,$500,Target managers/executives
Keywords,Long-tail,Guadalajara vs other nearshore locations,Low,Not Optimized,Competitive positioning content,Create location comparison,Month 6,$600,Competitive analysis
Technical SEO,Site Structure,Multiple H1 tags on homepage,High,Issue Identified,SEO best practice violation,Restructure heading hierarchy,Week 1,$200,Use single H1 per page
Technical SEO,Site Structure,Missing meta descriptions,High,Issue Identified,Important for click-through rates,Write compelling meta descriptions for all pages,Week 2,$300,Include target keywords
Technical SEO,Site Structure,Limited internal linking,Medium,Issue Identified,Poor link equity distribution,Implement strategic internal linking,Month 1,$400,Create topic clusters
Technical SEO,Performance,Preloaded resources not used,Medium,Issue Identified,Page speed impact,Optimize resource loading,Month 2,$500,Technical optimization
Technical SEO,Schema,Missing schema markup,High,Missing,Rich snippets opportunity,Implement Organization and Service schema,Month 1,$600,Structured data implementation
Technical SEO,Schema,No LocalBusiness schema,Medium,Missing,Local SEO opportunity,Add LocalBusiness markup,Month 2,$300,Guadalajara location focus
Technical SEO,Images,Generic alt text,Medium,Issue Identified,Accessibility and SEO impact,Write descriptive alt text for all images,Week 3,$200,Include relevant keywords
Technical SEO,URLs,Clean URL structure,Low,Good,SEO-friendly URLs already implemented,Maintain current structure,Ongoing,$0,Continue best practices
Technical SEO,Security,HTTPS implemented,Low,Good,Security and ranking factor,Maintain SSL certificate,Ongoing,$100/year,Annual renewal
Technical SEO,Crawling,Robots.txt configured,Low,Good,Proper bot management,Monitor and update as needed,Quarterly,$0,Regular review
Content Strategy,Site Architecture,Missing Services pages,High,Missing,Critical for service-specific SEO,Create dedicated service pages,Month 1,$2000,IT Digital Marketing Admin Finance
Content Strategy,Site Architecture,Missing Industries pages,High,Missing,Industry-specific targeting opportunity,Create industry landing pages,Month 2,$1500,Technology Healthcare Finance
Content Strategy,Site Architecture,No blog/insights section,High,Missing,Content marketing foundation,Launch blog with CMS,Month 1,$1000,2-3 posts per week
Content Strategy,Site Architecture,Missing About page in navigation,Medium,Issue Identified,Trust and credibility building,Promote About page in main nav,Week 1,$100,Simple navigation update
Content Strategy,Site Architecture,No case studies section,Medium,Missing,Social proof and conversion tool,Create case study template and content,Month 2,$800,3-5 detailed case studies
Content Strategy,Content Types,Service-specific content,High,Missing,Target service-related keywords,Write comprehensive service descriptions,Month 1,$1200,Focus on benefits and process
Content Strategy,Content Types,Industry-specific content,High,Missing,Vertical market targeting,Create industry-focused content,Month 2,$1000,Address specific industry needs
Content Strategy,Content Types,Educational content,Medium,Missing,Thought leadership and SEO,Develop educational blog content,Month 2,$800,How-to guides and best practices
Content Strategy,Content Types,Comparison content,Medium,Missing,Decision-making support,Create comparison guides,Month 3,$600,Nearshore vs offshore etc
Content Strategy,Content Types,Local content,Medium,Missing,Guadalajara and Mexico focus,Write location-specific content,Month 3,$500,Why Guadalajara content
User Experience,Navigation,Limited navigation options,High,Issue Identified,Poor user journey and SEO,Expand navigation structure,Month 1,$500,Add Services Industries About Resources
User Experience,Navigation,No clear employer vs candidate paths,High,Issue Identified,Conversion optimization opportunity,Create separate user journeys,Month 1,$400,Distinct CTAs and landing pages
User Experience,Navigation,Missing breadcrumb navigation,Medium,Missing,User experience and SEO benefit,Implement breadcrumb navigation,Month 2,$300,Improve site hierarchy understanding
User Experience,Forms,Simple contact form only,Medium,Issue Identified,Lead qualification opportunity,Create specific intake forms,Month 2,$600,Employer and candidate forms
User Experience,CTAs,Generic call-to-action buttons,Medium,Issue Identified,Conversion rate optimization,Design specific CTAs for user types,Month 1,$300,Hire Talent vs Apply Now
User Experience,Mobile,Mobile responsiveness,Low,Good,Wix platform provides responsive design,Monitor and test regularly,Ongoing,$0,Regular testing across devices
Competitive Analysis,Competitor,TRS Staffing Solutions,High,Analyzed,Global reach and industry specialization,Differentiate with local Guadalajara focus,Ongoing,$0,Monitor their content strategy
Competitive Analysis,Competitor,Gordian Staffing,High,Analyzed,Clear employer/candidate separation,Implement similar user path separation,Month 1,$300,Learn from their UX approach
Competitive Analysis,Competitor,Remote Team Solutions,Medium,Analyzed,Comprehensive service offerings,Expand service page content,Month 2,$500,Match their content depth
Competitive Analysis,Competitor,Wexpand,Medium,Analyzed,Mexico-focused positioning,Strengthen unique Guadalajara positioning,Month 1,$200,Emphasize local advantages
Competitive Analysis,Competitor,Alcor BPO,Medium,Analyzed,Strong content marketing presence,Develop content marketing strategy,Month 2,$800,Blog and thought leadership
Implementation,Phase 1,Technical SEO fixes,High,Planned,Foundation improvements,Fix H1 tags meta descriptions schema,Month 1,$1500,Critical for SEO foundation
Implementation,Phase 1,Basic content creation,High,Planned,Essential pages and content,Create service pages and basic blog content,Month 1,$3000,Core content development
Implementation,Phase 1,Analytics setup,High,Planned,Measurement and tracking,Implement GA4 GSC and tracking,Month 1,$500,Data collection foundation
Implementation,Phase 2,Content expansion,Medium,Planned,Comprehensive content library,Industry pages blog content case studies,Month 2-3,$4000,Content marketing launch
Implementation,Phase 2,Link building campaign,Medium,Planned,Authority and ranking improvement,Guest posting and outreach,Month 2-3,$2500,Quality backlink acquisition
Implementation,Phase 2,Advanced technical SEO,Medium,Planned,Performance and optimization,Speed optimization advanced schema,Month 2-3,$2000,Technical improvements
Implementation,Phase 3,Optimization and scaling,Low,Planned,Data-driven improvements,Analyze optimize and scale successful tactics,Month 4-6,$3000,Continuous improvement
Implementation,Phase 3,Advanced content formats,Low,Planned,Competitive differentiation,Interactive tools video content webinars,Month 4-6,$4000,Advanced content marketing
Implementation,Phase 3,Partnership development,Low,Planned,Link building and co-marketing,Industry partnerships and collaborations,Month 4-6,$2000,Strategic partnerships
Budget,Monthly,Content Creation,High,Estimated,Blog writing case studies white papers,$3000-5000,Ongoing,$4000,Professional content development
Budget,Monthly,Technical Implementation,High,Estimated,Developer time and technical improvements,$2000-3000,Ongoing,$2500,Technical SEO and site improvements
Budget,Monthly,Tools and Software,Medium,Estimated,SEO tools analytics platforms design software,$500-800,Ongoing,$650,Essential SEO and marketing tools
Budget,Monthly,Link Building and Outreach,Medium,Estimated,Outreach specialist guest posting PR,$2000-4000,Ongoing,$3000,Authority building and PR
Budget,Total,Monthly Investment,High,Estimated,Total monthly SEO investment,$7500-12800,Ongoing,$10150,Comprehensive SEO program
ROI Projections,Timeline,Months 1-3,High,Projected,Foundation building phase,Minimal traffic increase expected,Month 1-3,$0,Investment phase
ROI Projections,Timeline,Months 4-6,High,Projected,Growth phase,25-50% increase in organic traffic,Month 4-6,$0,Early results phase
ROI Projections,Timeline,Months 7-12,High,Projected,Acceleration phase,100-200% increase in traffic and leads,Month 7-12,$0,Significant growth phase
ROI Projections,Timeline,Year 2+,Medium,Projected,Maturity phase,Sustained growth and market leadership,Year 2+,$0,Long-term success
Metrics,KPI,Organic traffic growth,High,To Track,Primary success metric,Monitor monthly growth percentage,Ongoing,$0,Google Analytics tracking
Metrics,KPI,Keyword ranking improvements,High,To Track,SEO performance indicator,Track target keyword positions,Ongoing,$200,SEO tool subscription
Metrics,KPI,Click-through rates,Medium,To Track,Search result performance,Monitor CTR from search results,Ongoing,$0,Google Search Console
Metrics,KPI,Conversion rate from organic,High,To Track,Business impact measurement,Track leads and conversions from organic traffic,Ongoing,$0,Goal tracking in GA4
Metrics,KPI,Lead generation from website,High,To Track,Business success metric,Monitor form submissions and inquiries,Ongoing,$0,CRM integration
Metrics,KPI,Content engagement metrics,Medium,To Track,Content performance indicator,Track blog traffic time on page social shares,Ongoing,$0,Content analytics
Risk Assessment,Risk,Algorithm changes,Medium,Potential,Google updates affecting rankings,Diversify traffic sources use white-hat practices,Ongoing,$0,Best practice adherence
Risk Assessment,Risk,Increased competition,High,Potential,Established players with larger budgets,Focus on niche expertise and local advantages,Ongoing,$0,Competitive differentiation
Risk Assessment,Risk,Content resource limitations,Medium,Potential,Limited internal content creation capacity,Outsource content creation establish processes,Month 1,$1000,Resource planning
Risk Assessment,Risk,Technical platform constraints,Low,Potential,Wix platform limitations,Work within capabilities or consider migration,Month 6,$5000,Platform evaluation
Success Factors,Factor,Leadership commitment,High,Required,Executive buy-in for long-term strategy,Secure leadership support and budget approval,Week 1,$0,Stakeholder alignment
Success Factors,Factor,Consistent execution,High,Required,Regular content publication and optimization,Establish content calendar and processes,Month 1,$500,Process development
Success Factors,Factor,Data-driven decisions,High,Required,Regular analysis and strategy adjustment,Implement tracking and reporting systems,Month 1,$300,Analytics setup
Success Factors,Factor,Quality focus,Medium,Required,User value over search manipulation,Maintain high content and user experience standards,Ongoing,$0,Quality assurance

|iuZ8u	$ӈz9/`zDW97XĲs"Af/IqK|d0)Ȥ2lE9pZ>[qs'%n.niG"{o3~CQ?MwϥCUx<@s}\?x&]D&[=*cᾱ} M.T|~"]2sO{ukm!N)BJjW) RlL$a_ֺƃl*8-`ـ'/q2>wږT搱<AgɁˬ9Vgu7cҎ%j$ҒnMq)Skbu(XPt<}:$^Y }B5ѱ3~tRz"9f*\\p=ã $IQ9z%v>2j
nY;?wnTd<,jGͷc X됁zqvys|R+P{lL$	"82mQHƒNZG3*7_LFSueLYI	$ؚ*|U,il=f<Z=*Gf9BE?`mee "B}h"*1*D`;hO._.|]YEC1Rs9u({8?CoÙd"0-4Njh5IZ22JO":~n^wPCꙔt1	NGJ4_yUc&~&S#"̬V@I&G]<=pai3g`AԹ0$TeJHƶ#~b-<ˣ2që|0x%D.йF9̆^c~VӵLؽ=Q?2%	2)=+tru0b<REm2.}GN~};|$RIj59sۇ,,S})ۗs/3y{^89)N'_H|A4f`3Vsoܻޫ?mg 8iTHq)
>D6+"d${l$с,䒄!d G$LVT"%y9#3RSǅ͞2A 5<D:	x$C>L!׸&`_b+ꅏǧ 8χ&s]J7e@X;'_HQ\5`ɾd`@+@r`"w1B+Og@ũ^XG>Q~XKbv!gpSGJL$^S\ɀu]@i[?+6q8e3HHzwrg}2Cn%g3%!ޓOXvW۫Rhy ;eѳN,yi@1hB,TDROq2
mḼfF9	*?'eyTd+d鴃X87GpS9@AD!+.tCeu7<cU^&r]ugC>4Gʥc۷5	L=Sq*벑GZĳv-#Q]{u/Ő +SxDYgXٞWNϨ*'fP]&I12hMGy~ʢuH`H'#giHA6놳xCCid◣dE\JɌ\BD( v,0J<$nyȄ=_s2ם dZq	6] ҩ{ՙc4Ȟ-k80QSڔU>!BD/[FZF?#ghud"zPzG[)f
#L]!b$@A%AýX%k|DVtlf&
m$4w]˝@C}jk}edc CΆ&%nrRO'}>axx׬\Y9ޕA*uSYW3Q \!(" -Eo"gNMeԑI:ʆ9&~UL"b7		'.%ZyKӷP/[	b2ʇ4E=gҨD*¡ҹG6ܵFpF=T"ei2EiL$׭qRPqǡg$K|ՀOt*90B2Ω?qs_b%(`JC $Ur;;('%2t?د=W}f/uzM&+͌NDU$@Kq;-@|x1Ȇ%)02e)R.Le$Lӹ* 
A1 (y	5~s:%Fsg0nwE?m9,FDzL	8A**yutm:y6	%8 P`Hĉ`OI@a1ߠJ0tPc0(c82n8xD J0U%Hd&6V!g()Xg8$l$YNfLa	ƔMPpbZMMrZdOFvUQ:Etc @g1[]Zҹ0EK$#DL,dV@ B	Z2`-z4Z~.ñUcm.n+o;&ǀ 9uTI>V1:=E[%IxGa9g/JԼTɅ'8.$ǐ?&ϊ!*]!%Bڔm$3jL0#OjD,.ɔtl\|IjyPYxC DRuAA-7#Wv_~|!:CE_x1#f
J,8ٷ    
s-iRμ~s߳_ɰ0xDK;bWrd&*v/Aa):WyHTY,MKFP*T`{޻6A0;@
DBDҢF[qHÚlO˟C2Xyv")HxI%}6uX~El8	sV͝G>Gg.ߺcnLFxm@d"@ Ʉ& B+y ٟP˖bN>>J@?]w	^mh?}rRfNO5f<d
I)SȖWtI^2l* 0&pAЉ$c:,~`)$;Xq!<%hs_j#?:2"Db7І)7HlCZȤ05RL&}?HF(-Œ6J`FD0jY6s9uȉ}H"B֐jKL@hd4-LCQe2ZDdeeP7y=싓0H$2)A%'I_;&<ZxI2C"`<ʲF5\讅Q.ҳ[&D\Ҵ1&T   83<rn[5z0aldȤ#N	
OB;?fDAn!d v(
ǩI"O$8ȑ\,~'Z˟7ԉ֘=ɤE'eQ[KD5hMVMiOX#	a(I !.g0ء\^^x"oٹ?W=W[g:Ze5#̖pY É$ Ivq$IN?MJ-|/gHO<yt
$9d8IR0;E"-AdףAϠMDJPDĒF,1D"AݠxZLqr~1%% ek?CBB&$&m
^H9	ZF
0-5(Hw"B3>
A<L1K8ps1E"xF,zzI D U42*B#J$u@_y$bkP\<<!䔠ɭ#.IHD"tHBHnPO@ACmI☆
B'Eڕ\twh2ɓ	@;NY[x|)Dǡ"aL93_,Ġ>:4 XpkUZ2
Sb&Xei59	B^@J!/worksheets/sheet8.xmlPK      ? *Fټ  l             h  xl/worksheets/sheet9.xmlPK      ? t	  ~                xl/worksheets/sheet10.xmlPK      ? &o:               O  xl/worksheets/sheet11.xmlPK      ? J5$i  S               xl/worksheets/sheet12.xmlPK      ? L0lS  !               xl/worksheets/sheet13.xmlPK      ? F$bD               X  xl/worksheets/sheet14.xmlPK      ? BW҄  ;              xl/worksheets/sheet15.xmlPK      ? 	               
 xl/worksheets/sheet16.xmlPK      ? 4U  s              xl/worksheets/sheet17.xmlPK      ? v  8              xl/worksheets/sheet18.xmlPK      ?   8             e xl/worksheets/sheet19.xmlPK      ? n  9             0 xl/worksheets/sheet20.xmlPK      ? tΛ                xl/worksheets/sheet21.xmlPK      ?   h              xl/worksheets/sheet22.xmlPK      ? ~r  09              xl/worksheets/sheet23.xmlPK      ?                 xl/worksheets/sheet24.xmlPK      ? 6|  >             ! xl/workbook.xmlPK      ? ƾ# h            $ xl/sharedStrings.xmlPK      ?                H xl/styles.xmlPK      ? FT  R             K xl/theme/theme1.xmlPK      ? iC    #           lQ xl/worksheets/_rels/sheet8.xml.relsPK      ? %  P             R docProps/core.xmlPK      ? IfK  W             T docProps/app.xmlPK    " " *	  V   nD<HSe(-Og{nIvd)E:BLK..!D6NF9%2*dIs8QT4TRZ;1m!9aQ[50T/B$+ C xك>Z n3 $HvbayC1YRzfJFvﳵw'R?i_ۮ6_=5hwR/%0<n9ybeYtC)z?u̼'eȄN'WU1_(b@KӒ;.}-۸K-;#Fu&7!?/sC$jZʴ56TH  1a_Vw !G
$rbxԤ/-vR7g㏁ZSo-qԶjs,JWRYXSmPU߁V(5{M{rm!mJhrϽ5m}w+=+n{#1
BÉO1}S;9~|rmn*@<f݃G|^yęDc'$I{̛@F3u}P	H!m+?6	 db"Sk'dp(p[!P8s  @~>P:n	EiD1Rz1  )0I(,&A:?T1J@QԚZ|n"-*fy+Zv.$t<B<w(d`a&N\/4F$$u2$px&)XPF,[LP ePvP	!'t4M<L3-
h9@'8)c51$F % _!dk	RWDrhohx.WruHC|@Q-mn0,p񇋍ϚbTULAME3.10đe]10.<"c0xwdG@ nE,xGsF@.j&hnGĚ%g5K9-knL(o5V}!Hڴ!b0!HUY<):Ȕ*ze 58 
/Info 1 0 R
/Root 2 0 R
>>
startxref
55025 
%%EOF
                                                                                                                                          	  @   95aY>i?u6.6꘴om#47#rGY  u 	|           UǮkrrnrCP9k0׆aLpASUxu?֨Z̫6?>{wX)xDh-v8|ǲsc.ר[QlMʰ̢?Z67v~HUzVh@!* #|K67tOGQȒ(#<NO(cr	!Jy>ֆ~x+xE0c	Nc1ID(DhTc
(P8$hm^ﻠi'(2EmCB0f{ٵcQ;=Meb!(fVM˱nc!Ku
,׈PbҒ]`r:|-	B[%\'<U#kHăg!+߬ĒY,0x<-`q~) .(:.*WirO}4en|OVHFT]^VPIbI(&ڔkL[毞
 ʽ1hsunH*3Pݟ][2J:EP$*Sk/{@0Xe`d}V3~.0> h*;D&',9g~dpBu6I9TQO"Mlk!}ǎ |&`P9CKɮ!:XN|ߨ]\`~J.hG(T߽<rL4	vDakCioYO }hAUFl}ϯfC8艠
Gz1væ9:<{84+*:F ҏuRLu.3.r]dacGlʝX|#Ŏ#ׁ.O-Uz:d(J{[ekW:5dbXy;iЙ&#U0"5Uʱ0-#M/^̡Y~m〢"gsv}C@0o.D#HZ) щiˍwS5cý5'%T{շd|儿pK? Jg<a{	l|<&FE6m}w~ L74y&rRK۳xkxx Rgp7~T|
Ɯj5e挊PvY^0Bj^Wm]Ym(pf5bd&HXeB]g<Oߋ0цar\	d4:!\r'R {*^mM4:"XAc0B>%*=R x4$歹p4)r>/Hu:96<%wJnf02[jK wOd<-iGʂiFHg|.~g]=`h/3?zߤR%n<q>a4E#Kȱ{,JXi뚆Xcs`;8^H[Sj6mǦ Z25NK40HmhP!hǞ&{po?`7mRb^.J㒰x:BGVh(py4(b?[m	݃0&ӂ¦B{\oIt4Ӆ,b	&Lag~Ԣ-ڕ2ughݍ'*tE&Pq^ ҫ+4"Q:ordSFmS45!t==S?xx"YL{ytIf6C$r,(&T;G7k>Ogo#	:YS&Nqre-Dfvdqyrvr$;$ͪHzɦǕ_ѬƂ6wO*)GnIlX}||)uajJM/ȭ/vAp] ?r'I}ic(gg_>YRn*VN!7}|`cŇWn)U!HL!ap{z!iJ+Hjl}1sxc\	.Վ4Uͺp-Mu^8`"72,?#Q3uIƒҮ=HbT_I`#5,=_qne,_<l9 `D$$h 	P{8Ԅi_8G3݊!Ў)тbhP5{ކ"Ʃ'2**K8o=V5>V6q!JfZMhҾ~5wQ@Ǜ"v~>ݏX[&_Rq6vħ~yQbXl9OnVf?ֳ:הǆ\w}+ǐr_ֺe-T?L=79    
     YHFg  rD1G(gtۇund;qc"4ANmt<>,CgMQIQwJPR,aE-EXYb_ǃwE)𯅯/|    
     ]yg  ugr;6H~T=m,Ryw*  {u[   00XCF/T"~0	*H 0a10	UUS10U
DigiCert Inc10Uwww.digicert.com1 0UDigiCert Global Root CA0210414000000Z310413235959Z0O10	UUS10U
DigiCert Inc1)0'U DigiCert TLS RSA SHA256 2020 CA10"0	*H  0
 KeGpOXf1TJfF,
d.ܹ
 ОzVXQ,4.ҒVy_%{RAf`OWI7gKgL"QWQt&}b.#%So4X XI"{|Qհ76KbIg>^DqB}X2''+tԨ֗dSVxI)IO\Wmky+' =@!0 0~0U0 0Ukꨪyŕv0U#0P5VLf×=U0U0U%0++0v+j0h0$+0http://ocsp.digicert.com0@+04http://cacerts.digicert.com/DigiCertGlobalRootCA.crt0BU;0907531http://crl3.digicert.com/DigiCertGlobalRootCA.crl0=U 6040	`Hl0g0g0g0g0	*H  2^nZ
քp]+u@
1xpKXk~XYԐlИmq[mZ	{C*ޞA&_ݮot Og]]<ial6ƫvK.uU}&w>|{z6oؓqφs0{*YB;R}[rgqWGfŸJe4^*< QLRk+~6C*cu?
<0L6s>   00;VBFujYJ0	*H 0a10	UUS10U
DigiCert Inc10Uwww.digicert.com1 0UDigiCert Global Root CA0061110000000Z311110000000Z0a10	UUS10U
DigiCert Inc10Uwww.digicert.com1 0UDigiCert Global Root CA0"0	*H  0
 ;rިӣWPwɢΖ[	 N0SCi W"݇@ 	;qFfv'{}H֯z9eJ](tzxYhn\#2KNZmpw٨DX2uѢG'j3I`_:JL}>O_lv^K7"mjͳd[)2BԫA2ջX?I(p1L
NJ=^ï' c0a0U0U00UP5VLf×=U0U#0P5VLf×=U0	*H  ˜7H
DOR߮yy$K+-X˸mzt)pLpc`ӣ[	ՎSc?۴fbfnA-wJX+Y@#-(E>yT&H7y`ެnD8/IE>*6S:P.WIla!x<,:k؉8lldw%W0$G|$0-EPȈƘ4_
<Օm    H-xSQXR%'<2U!4XN" x Vޒȷ3 ѹ a߬Ayh:K>*l$p϶n@?&Ljh⪗[h'z@ly\AHJ]254&8^%(+
2'nl#U +['nf#kr҇OmVJ-MF1(t-ntZ+ EeA؈yh@p  0WI^ǹxt<[\vyRSa8{b/w[_ZF33HsKpWBo4̣sȌzs\X,@o:}nvA/
=~|vBxL'Q^w]2 fN*) ȍ\2xѰm@3盧T5%$}$ڿ:ʤ9jئ>EL?tpM[0M$%^62gb&"v9RޖWwTb )KDFiF=(槉jRW
*+%z^]EeLȣyl"aTm
?]*oF{`H6π9iHtVĀފ<P4Gw9~UACoFPH-u|^a[f%in4I=IeV9xyƐa`Q2 j?2`k"E@6.zJ