Framework/Methodology,Description,Key Components,Best For,Complexity,Sales Stage Focus,Primary Use Case,Sales Cycle Fit,Customer Type,Success Metric
SPIN Selling,"Focuses on consultative sales with questions about the situation, problem, implication, and need-payoff.","Situation, Problem, Implication, Need-Payoff","Complex B2B sales, consultative selling",Medium,Qualification,Complex solution selling,Medium to Long,B2B,"Client retention, deal size"
Challenger Sales,"Teaches customers new insights, tailors solutions to their needs, and takes control of the conversation.","Teach, Tailor, Take Control",Sales where prospects resist change,High,Prospecting & Pitching,Challenging established norms,Long,B2B,Increased conversion rate
SNAP Selling,"Simplifies the sales process for busy decision-makers by being invaluable, aligned, and focusing on priorities.","Simple, Invaluable, Aligned, Priority","Busy decision-makers, short sales cycles",Low,Prospecting,Simple decision-making,Short,B2B & B2C,Shortened sales cycle
MEDDIC,"Qualification framework focusing on metrics, decision criteria, economic buyers, and internal champions.","Metrics, Economic Buyer, Decision Criteria, Decision Process, Identify Pain, Champion",Complex B2B deals with multiple stakeholders,High,Qualification,"Complex, enterprise sales",Long,B2B,"Stakeholder alignment, closed deals"
Value-Based Selling,Emphasizes selling value and ROI over product features. Focuses on demonstrating cost savings or growth.,"ROI, TCO, Value Proposition",High-value product/service with ROI focus,Medium,All Stages,ROI-focused sales,Medium to Long,B2B,"ROI, TCO savings"
Sandler Sales,A consultative approach that helps sales reps build rapport and discover the prospect's pain points.,"Pain Discovery, Rapport Building, Negative Reverse Selling","Relationship-based selling, SMBs",Medium,Discovery & Pitching,Building deep rapport with clients,Short to Medium,B2B & B2C,Relationship strength
Solution Selling,Focuses on selling a comprehensive solution rather than a standalone product to meet specific needs.,"Problem Diagnosis, Solution Customization",Complex sales needing tailored solutions,High,Closing,Tailored solutions for unique customer needs,Long,B2B,"Client success, repeat deals"
Gap Selling,Identifies the gap between the prospect's current state and their desired future state to create urgency.,"Current State, Future State, Gap Identification",Gap identification in long-term strategies,High,Discovery & Qualification,Change management sales,Long,B2B,Reduced sales cycle
Pyramid Principle,"Uses a top-down approach to address problems, presenting the solution first followed by the explanation.","Problem, Solution, Explanation",Consultative selling to senior decision-makers,Medium,Closing,Executive-level selling,Medium,B2B,Executive-level buy-in
Conceptual Selling,Focuses on selling based on how the product fits into the customerâ€™s conceptual understanding of their needs.,"Customer Needs, Concept Fit",Selling complex solutions to new industries,Medium,Discovery & Pitching,Industry-specific sales,Medium,B2B & B2C,New market penetration
6 Whys,"Helps answer why the customer should change, buy now, buy from you, and why your price is justified.","Why Change, Why Now, Why You, Why Price, Why Trust",Any sale that needs clarity on urgency,Low,Qualification,Creating urgency in sales,Short,B2B & B2C,Sales velocity
TAS (Target Account Selling),"Strategic approach for selling to complex, high-value accounts by mapping out all decision-makers and processes.","Stakeholder Mapping, Multi-Threading, Account Planning","Enterprise sales, long-term strategic accounts",High,All Stages,Large account management,Long,B2B,Long-term client acquisition
Command of the Sale,Focuses on deeply understanding the customerâ€™s challenges and the economic impact of the solution.,"Quantify Pain, Impact Selling, Customer Knowledge",Deals where understanding customer pain is crucial,High,Qualification & Pitching,High-value consultative selling,Long,B2B,"High deal size, ROI"
Solution Challenger,"Hybrid of Challenger and Solution Selling: provides insights and challenges the status quo, then customizes the solution.","Insight Selling, Solution Customization",Complex B2B with challenger needs,High,Prospecting & Closing,Challenger sales in complex fields,Long,B2B,Higher win rates
CEB Commercial Insight,"Delivers unique, tailored insights to prospects to challenge their current thinking and offer new solutions.","Tailored Insights, Decision-Maker Engagement","C-level decision-makers, complex industries",High,Prospecting,Consultative sales with decision-makers,Long,B2B,Strategic relationship building
GOALS Framework,"Deepens understanding of a prospect's goals by identifying gaps, obstacles, and leveraging strengths.","Gaps, Obstacles, Accomplishments, Leverage, Solutions",Consultative sales with defined goals,Medium,Discovery,Goal-oriented consulting,Medium,B2B,Goal alignment
"Why You, Why Now",A framework to clearly articulate the urgency of acting now and why your solution is the best fit.,"Urgency, Differentiation, Why You, Why Now",Fast sales cycles needing urgency,Low,Closing,Quick sales closures,Short,B2B,Fast conversions
R.E.A.P.,"Engages with research, activates interest by addressing pain points, and proposes tailored solutions.","Research, Engage, Activate, Propose","Consultative, enterprise sales",Medium,All Stages,Consultative and long-term deals,Medium,B2B,Client satisfaction
The Value Ladder,Gradually builds relationships and lifetime value by progressing from small to premium offers.,"Initial Offer, Core Offer, Upsell, Premium Offer","Long-term customer relationships, SaaS",Medium,Post-Sale,Customer relationship building,Long,B2B,Customer lifetime value
Insight-Led Selling,"An evolved consultative selling approach, using data-driven insights to provoke new thinking.","Data-Driven Insights, Strategic Alignment","Enterprise, consultative selling with data",High,Prospecting & Closing,"ROI-focused, data-heavy sales",Long,B2B,"ROI, total savings"
Value-Based Selling (TCO/ROI),Advanced version of Value-Based Selling with a focus on calculating ROI and Total Cost of Ownership (TCO).,"ROI Calculation, TCO Analysis, Business Impact","Enterprise sales, ROI-driven purchases",High,Closing,High-value sales,Medium to Long,B2B,Profit margins
Challenger Customer,Goes beyond individual sales by helping organizations build internal support and consensus for your solution.,"Mobilizer Identification, Consensus Selling","Enterprise-level, consensus-building sales",High,Closing,Consensus building in large organizations,Long,B2B,Internal advocacy
PASE,Similar to PAS but adds evidence to back up the solution with case studies and success stories.,"Problem, Agitation, Solution, Evidence",Deals requiring strong proof,Medium,Closing,Proof-driven product sales,Short to Medium,B2B & B2C,Conversion rate
Customer-Centric Selling,"Aligns the sales process with the buyerâ€™s journey, focusing on their needs and mapping the solution to those goals.","Buyerâ€™s Journey, Solution Mapping","SMBs and enterprise, customer-centric solutions",Medium,All Stages,Client-centric industries,Short to Medium,B2B,Client satisfaction
Risk Reversal Strategy,"Minimizes buyer risk by offering money-back guarantees, pilot programs, or performance-based contracts.","Money-Back Guarantees, Pilots, Performance Contracts",Risk-averse industries or customers,Low,Closing,Risk-averse deals,Medium,B2B,Customer risk mitigation
Collaborative Selling,Works collaboratively with the prospect to co-create solutions and define success together.,"Co-Creation, Joint Metrics, Accountability Sharing","Complex B2B, highly collaborative sales",High,All Stages,Co-created solutions,Medium to Long,B2B,Client satisfaction
Outcome-Based Selling,"Focuses on selling outcomes rather than features, aligning the solution with business goals and success metrics.","Define Outcomes, Align Solution, Outcome-Based Proposals",Outcome-driven B2B or high-value B2C,Medium,Closing,Outcome-driven enterprises,Medium,B2B & B2C,Customer retention
Jobs to be Done (JTBD),"Focuses on understanding the specific 'job' the customer is hiring your product to do (functional, social, emotional).","Customer's Job, Functional, Social, Emotional Jobs",Product-based or service-based solutions,Medium,Closing,Functional or product sales,Medium to Long,B2B,Product-market fit
Micro-Commitments,Gradually builds trust and reduces resistance by guiding prospects through a series of low-risk decisions.,"Trust Building, Incremental Agreement, Low-Risk Decisions","SMB sales, trust-building cycles",Medium,Closing,Building trust for SMBs,Medium to Long,B2B,Reduced friction in salesê¿…²-‚m‚‚]‚=‚}‚‚CºšÁ³æyñ´E89£²çGæ1ßå“1èç“18Ë'ã2\%8¾œ¢º fqÚÓ^wAŒç4‹më‚á‰T“½ë‚˜â‰U)(KA]

S4eº.ˆaHQ‚T  5((BÑT¸é‚Uªç3KÏyêw%d~fú¡a~Òi3ÌÏÓi™ß~Q­šYÂçy0j'ë›æ¹ú=Ê¶¶	vv	öö	éjz<R	Ìcº¿ÓOÈê0­ÑäºÕa€£Yl[«ÃG¤šÈ]«ÃœG¤(FA5
ÊQP¢	Òµ:Œ{DŠ²Ô ğ•'(=Aí‰&¾M««r_˜ùiÕÃ»Ëè6š$³"UÆ÷«ff9Ëö(ĞÑ,fØ/ÒÑ²½ıbŸväjf¹ÕûB‘ |LCxB°N°A°i¬ß¡l‹`›`‡`—``Ÿà€àĞ»Îç¿ÏşŒ¦Ñ<œè^H}GŞcùTë‰éş‚œê‹˜ëg«@÷EŒú3‹më‹ˆT[\_ÄD@¤(PA…
JTP£¢‰ÔõEDŠRÔ¢ Õ((GA=Š&ÈM_¬_˜)]×qùŠÍ2iM63.44 827.80 1269.84
  Q 823.50 1280.15 820.05 1294.54
  C 818.9¼m?¹øûÒ,d#MÒãkU´Ê;M$%şnÇ=¹ Oc—Æ§Køƒs¥G,b;-®çk‡Û&æ‹hôÚ	ÅyxÅÎ™õ9Cò«öñİÿ ‹¼{ym,ÛáÓXÛ¤ÕRf“¸ÏÆRdÕXÆìá*²ÂÛ"¸.80Ê^„­GSÔœÎ^Ï#2ÚÚ‹°>Ê(qTÙ‹¼tíE^Xp¬Fëüãí—Í‹	 Ğ>jN¢BBäö#	T<iÉWDÁÅVÔx-
±£…=	‚WôEƒmÖi$­Ü;|•†*6Èää¤6h3øì(è ö'0k‰îh,íÕf“°ÔÆÅ×rÆŒaâS¬ûåÃéu7@Ù(;¶VNIPs”=:;<É(kk§Âú(£ĞÆQVe§òÒµSy`3²zS½šÊI ¬ÜHÅFXÁó”üqEdxu©a©……
â[ëWë°@¢V"«Ú§OÛjON¡Úu\µÍ¨2<7 ÉAS`Ö0\)ˆfÇ^İR`6‰mÜR6HhŠ‹V)«dA„¸)…«B€£RØz4%AÍ9ğèRğ<"s ­C
ë£Œ²ç@•CÊ             €  xl/worksheets/sheet38.xmlPK    ò3[àîPG©               €ğ xl/styles.xmlPK    ò3[—Š»À                €Ä _rels/.relsPK    ò3[şÍÒx×  G             €­ xl/workbook.xmlPK    ò3[·½ÂK  )             €± xl/_rels/workbook.xml.relsPK    ò3[cÖŠ›  ”             €j [Content_Types].xmlPK    . . y  6                                                                                                VÚıûd <¨z     „ƒ¿Z¿Tı¿J¿@‚€¿& b?Framework/Methodology,Description,Key Components,Best For,Complexity,Sales Stage Focus,Primary Use Case,Sales Cycle Fit,Customer Type,Success Metric
SPIN Selling,"Focuses on consultative sales with questions about the situation, problem, implication, and need-payoff.","Situation, Problem, Implication, Need-Payoff","Complex B2B sales, consultative selling",Medium,Qualification,Complex solution selling,Medium to Long,B2B,"Client retention, deal size"
Challenger Sales,"Teaches customers new insights, tailors solutions to their needs, and takes control of the conversation.","Teach, Tailor, Take Control",Sales where prospects resist change,High,Prospecting & Pitching,Challenging established norms,Long,B2B,Increased conversion rate
SNAP Selling,"Simplifies the sales process for busy decision-makers by being invaluable, aligned, and focusing on priorities.","Simple, Invaluable, Aligned, Priority","Busy decision-makers, short sales cycles",Low,Prospecting,Simple decision-making,Short,B2B & B2C,Shortened sales cycle
MEDDIC,"Qualification framework focusing on metrics, decision criteria, economic buyers, and internal champions.","Metrics, Economic Buyer, Decision Criteria, Decision Process, Identify Pain, Champion",Complex B2B deals with multiple stakeholders,High,Qualification,"Complex, enterprise sales",Long,B2B,"Stakeholder alignment, closed deals"
Value-Based Selling,Emphasizes selling value and ROI over product features. Focuses on demonstrating cost savings or growth.,"ROI, TCO, Value Proposition",High-value product/service with ROI focus,Medium,All Stages,ROI-focused sales,Medium to Long,B2B,"ROI, TCO savings"
Sandler Sales,A consultative approach that helps sales reps build rapport and discover the prospect's pain points.,"Pain Discovery, Rapport Building, Negative Reverse Selling","Relationship-based selling, SMBs",Medium,Discovery & Pitching,Building deep rapport with clients,Short to Medium,B2B & B2C,Relationship strength
Solution Selling,Focuses on selling a comprehensive solution rather than a standalone product to meet specific needs.,"Problem Diagnosis, Solution Customization",Complex sales needing tailored solutions,High,Closing,Tailored solutions for unique customer needs,Long,B2B,"Client success, repeat deals"
Gap Selling,Identifies the gap between the prospect's current state and their desired future state to create urgency.,"Current State, Future State, Gap Identification",Gap identification in long-term strategies,High,Discovery & Qualification,Change management sales,Long,B2B,Reduced sales cycle
Pyramid Principle,"Uses a top-down approach to address problems, presenting the solution first followed by the explanation.","Problem, Solution, Explanation",Consultative selling to senior decision-makers,Medium,Closing,Executive-level selling,Medium,B2B,Executive-level buy-in
Conceptual Selling,Focuses on selling based on how the product fits into the customerâ€™s conceptual understanding of their needs.,"Customer Needs, Concept Fit",Selling complex solutions to new industries,Medium,Discovery & Pitching,Industry-specific sales,Medium,B2B & B2C,New market penetration
6 Whys,"Helps answer why the customer should change, buy now, buy from you, and why your price is justified.","Why Change, Why Now, Why You, Why Price, Why Trust",Any sale that needs clarity on urgency,Low,Qualification,Creating urgency in sales,Short,B2B & B2C,Sales velocity
TAS (Target Account Selling),"Strategic approach for selling to complex, high-value accounts by mapping out all decision-makers and processes.","Stakeholder Mapping, Multi-Threading, Account Planning","Enterprise sales, long-term strategic accounts",High,All Stages,Large account management,Long,B2B,Long-term client acquisition
Command of the Sale,Focuses on deeply understanding the customerâ€™s challenges and the economic impact of the solution.,"Quantify Pain, Impact Selling, Customer Knowledge",Deals where understanding customer pain is crucial,High,Qualification & Pitching,High-value consultative selling,Long,B2B,"High deal size, ROI"
Solution Challenger,"Hybrid of Challenger and Solution Selling: provides insights and challenges the status quo, then customizes the solution.","Insight Selling, Solution Customization",Complex B2B with challenger needs,High,Prospecting & Closing,Challenger sales in complex fields,Long,B2B,Higher win rates
CEB Commercial Insight,"Delivers unique, tailored insights to prospects to challenge their current thinking and offer new solutions.","Tailored Insights, Decision-Maker Engagement","C-level decision-makers, complex industries",High,Prospecting,Consultative sales with decision-makers,Long,B2B,Strategic relationship building
GOALS Framework,"Deepens understanding of a prospect's goals by identifying gaps, obstacles, and leveraging strengths.","Gaps, Obstacles, Accomplishments, Leverage, Solutions",Consultative sales with defined goals,Medium,Discovery,Goal-oriented consulting,Medium,B2B,Goal alignment
"Why You, Why Now",A framework to clearly articulate the urgency of acting now and why your solution is the best fit.,"Urgency, Differentiation, Why You, Why Now",Fast sales cycles needing urgency,Low,Closing,Quick sales closures,Short,B2B,Fast conversions
R.E.A.P.,"Engages with research, activates interest by addressing pain points, and proposes tailored solutions.","Research, Engage, Activate, Propose","Consultative, enterprise sales",Medium,All Stages,Consultative and long-term deals,Medium,B2B,Client satisfaction
The Value Ladder,Gradually builds relationships and lifetime value by progressing from small to premium offers.,"Initial Offer, Core Offer, Upsell, Premium Offer","Long-term customer relationships, SaaS",Medium,Post-Sale,Customer relationship building,Long,B2B,Customer lifetime value
Insight-Led Selling,"An evolved consultative selling approach, using data-driven insights to provoke new thinking.","Data-Driven Insights, Strategic Alignment","Enterprise, consultative selling with data",High,Prospecting & Closing,"ROI-focused, data-heavy sales",Long,B2B,"ROI, total savings"
Value-Based Selling (TCO/ROI),Advanced version of Value-Based Selling with a focus on calculating ROI and Total Cost of Ownership (TCO).,"ROI Calculation, TCO Analysis, Business Impact","Enterprise sales, ROI-driven purchases",High,Closing,High-value sales,Medium to Long,B2B,Profit margins
Challenger Customer,Goes beyond individual sales by helping organizations build internal support and consensus for your solution.,"Mobilizer Identification, Consensus Selling","Enterprise-level, consensus-building sales",High,Closing,Consensus building in large organizations,Long,B2B,Internal advocacy
PASE,Similar to PAS but adds evidence to back up the solution with case studies and success stories.,"Problem, Agitation, Solution, Evidence",Deals requiring strong proof,Medium,Closing,Proof-driven product sales,Short to Medium,B2B & B2C,Conversion rate
Customer-Centric Selling,"Aligns the sales process with the buyerâ€™s journey, focusing on their needs and mapping the solution to those goals.","Buyerâ€™s Journey, Solution Mapping","SMBs and enterprise, customer-centric solutions",Medium,All Stages,Client-centric industries,Short to Medium,B2B,Client satisfaction
Risk Reversal Strategy,"Minimizes buyer risk by offering money-back guarantees, pilot programs, or performance-based contracts.","Money-Back Guarantees, Pilots, Performance Contracts",Risk-averse industries or customers,Low,Closing,Risk-averse deals,Medium,B2B,Customer risk mitigation
Collaborative Selling,Works collaboratively with the prospect to co-create solutions and define success together.,"Co-Creation, Joint Metrics, Accountability Sharing","Complex B2B, highly collaborative sales",High,All Stages,Co-created solutions,Medium to Long,B2B,Client satisfaction
Outcome-Based Selling,"Focuses on selling outcomes rather than features, aligning the solution with business goals and success metrics.","Define Outcomes, Align Solution, Outcome-Based Proposals",Outcome-driven B2B or high-value B2C,Medium,Closing,Outcome-driven enterprises,Medium,B2B & B2C,Customer retention
Jobs to be Done (JTBD),"Focuses on understanding the specific 'job' the customer is hiring your product to do (functional, social, emotional).","Customer's Job, Functional, Social, Emotional Jobs",Product-based or service-based solutions,Medium,Closing,Functional or product sales,Medium to Long,B2B,Product-market fit
Micro-Commitments,Gradually builds trust and reduces resistance by guiding prospects through a series of low-risk decisions.,"Trust Building, Incremental Agreement, Low-Risk Decisions","SMB sales, trust-building cycles",Medium,Closing,Building trust for SMBs,Medium to Long,B2B,Reduced friction in salesÍ<$ÜkuúµiT–·"bæHËtDùÖÁ~M±ADÍÍƒ8yö(7J(¡„JèÙ¢ÿåÜPMÆïg    IEND®B`‚[ ^è                 =£  xl/styles.xmlPK   Ï[ò<[                 `¥  xl/workbook.xmlPK   Ï[¨œ@	  í               ;§  xl/_rels/workbook.xml.relsPK   Ï[¤o¡ ²   (               Œ¨  _rels/.relsPK   Ï[¡Àè¤i  J               w©  [Content_Types].xmlPK      Ï  !«    ÍP´—“E…@]Iù€N€RŞ˜ø¾›ÛKé¤F!#€µÃp¤B{!üíD…'±¸µŠêšHÑŞ¿To{J±·@İ¼X½+œÄÄøÄYS‘¢Ãîh”Y†+#ƒ<¶õÌx7Å÷|7ª7#ÄY^İwMì¿Q gã©âÖ4v*K0VµÕ 9&m))iÉáâ``Á^jySÒ‡4·•¡ÇÙliÔƒÑ™^ıZÙ“i‘Î³İ¤³ˆ4ÚÆ0à,†[¹¯‡“:  t             €p xl/worksheets/sheet41.xmlPK    O†[ÚµE                €á xl/worksheets/sheet42.xmlPK    O†[ fz  ÿ             €0 xl/worksheets/sheet43.xmlPK    O†[¹@¥~  R	             €á xl/worksheets/sheet44.xmlPK    O†[öÇõ  I             €–  xl/worksheets/sheet45.xmlPK    O†[¨úúk  ü             €L" xl/worksheets/sheet46.xmlPK    O†["Õ²_  û             €î# xl/worksheets/sheet47.xmlPK    O†[àîPG©               €„& xl/styles.xmlPK    O†[—Š»À                €X) _rels/.relsPK    O†[^ù.  Ü             €A* xl/workbook.xmlPK    O†[¹#Ú7²  T             €œ. xl/_rels/workbook.xml.relsPK    O†[eá™µ·  e             €†0 [Content_Types].xmlPK    7 7 ø  n2                               nÚıûd        t4høLÈCÓ~´ÜJtb{H¬»{¨wS­ú	›h*ºªw<Óˆw+m,íó×Hò¢æ“¦şá“ûÅÃïX‘ÖSí@<ˆ§,sxV™Füø~ñà³¸BñçS Mrd«}nü¦•àœı™HQO®ıè~xì‡…›åCÆZE@õãjhá{BGw®"àH²“:Wz2¶ÅÃpıŸnÛYê>b€S2¢ğºÃ¬Ó\ú³pÍGÙxäœú?W…Û°Ğ]G˜+ÇŒ’—º™Ük@K&Ö~îòxÛ“+Ş×<>LÒIGB»ø4\z×Zy–—#„ÎÀŸ1ey§½{áQş8¶+„ çáıl(_Š‘³>F•Ûa[GZd¡bWNCÀÊùâÅ¾xb4“oïz-QP›í±•i!U¼|M¾Öœ±îšçn±YømÚ±\×Âè\Û‰‰W¸çÚ²Bkõh_Ëç®­ÛŸËJÉeÎ¼âM›qo”ïÖ¦Öd>‡œëö5ü[Mı¼› ç<*ú¹šM¥GGˆ£ÄÊ‘M™2ÂJ:“•E†„êÆ€rKÒ	Ç‡wHşõÂ¾Îß(±T)Õ½•ò²*ŒåšùèRWRõ¬E0,Kap£è=qÇ8?Wa$«¼ïÙå‚ü­ÎµãßıõßşH›|ğ›òxŒ°®%C‚Gí63r1†­ˆ÷$<åä2Ò/u‘”K£¡2¦V»@ğ"sfSÚKÃ¦;ÙiNÕÿ¡<dwI$Á¡ù…_À¢¸IæR²©ÌëöÛ¦®ó$yy#!|¶ÍàÿÍ¼C•$]F'Ræ#‚†)\×Êãïvö†‹õ’²äÌ²[áã}Ù¶›ªyy¾ë&ËØ_uøVb‘ü> ÀŠóÇ2KÏ+CşÙG+,‚ÓÛÄúš°ã<ò¨ÎıOÖd»YLS¶j,8û{ÏjÅ¤—è*.Ûæí7Æy»%pÎ–!ßXçMgŒ :Ï©¹a¿¶`6.ëA‘„.¾9)Ä—Yq±¾’‚¸sTñ¦Ú¦uİS´ö¬#>(¿dÍ½/ pƒ)²‘ëE

–h6Â£t¸…“ä€öE»éúyÆ^Ú™H–¯ùtáÙxfol;·NÏ„ïşSt{~Ş™ ùe6Gw4GLB?lÃ›8€Ç™m9<}Ï*æûw)ÓÛw‚çx6“šó%áJÇiùgÅlÃø&Vq 9*BÔí~t´n::ÛáÄŸJÎï²$\ub¾ù,Ã§¤İ÷NrgTÈëo*²?Wé¯èvİÆ
ó¿o™o€s&mô©
Í…yÒ³QÂ” ‹åC«b‹=ö™wÍg¢K!•|ÅO~Tµ¼¦\¡à¤ÆÃ¨¸ĞBÀyc›ü=«'’ˆG¦ûR&{á}‡Ş‘å`sŠ*B˜ U¦6dn:?Å—h/Åœ·KkK2
yŒ¢aj›‹}î¿ı;¯WÇ_vv?û ƒÎÆ0ÕË8ÊÛ°6ò¾p‹ŠX¹œs².]v¡nÓçˆÂÍ)ˆaŞcdOXÏˆ²>Ñ2ş$ÓêŸ¶ıî†ÕÃ{vÙ‚4E/&á²†ŞÎ}ÿé£û‹ïûZœ€>mnÑ mn Ü”²átáÊ)Š¢îÂLÀdÇD+xâ©ÛÑÌ²ˆâW—áå—7¤Â©ñ¬i¾VõĞ)náäèiÜ®(Ü ğX: ğ’cß7 " C1ıääøíğõsáÇşLIí=ë{MGï§å$*¬Àş6ûÛ¦èóâ4“ğ&û€®òl‚ìj=aROùGœx	…vaÕ•åg0gÓä÷ÀÊÈ±¨sDê£ƒ½gR6œ_dÑ~'Ä!Ê(3Ï‚¨Ô`‰ì–ŞŠı2¸Ğ7ŒÄ9 =xHºV’Œ²,rP8Ê)”ÓJ_J\Q7êS¶†õ¨È€òôôİøq†íHùNì³K#”ø#˜³zyF¹ ³ïœè<•c€}•&(ä­B$²Zm¤®aÍàÍlyÕÌ×´á™t¼x7ÃšèÄËã±;]}.v‰)İ/äÄUŠÌËŞtrïm3—?üÓ‹pAbbböªË6«ëaVö‹?Ñÿ sğıJOú}ıµuzÈkšå…~``ßÃÓv¾¤;«óITæ^P64~üÓí·\ægºı:×™‡±óÉWp8óÈXÇ–#¯a³‡Ï§@¸äiçÒ(Ù-Â|°(Şä¶‡Ì>j×Ù2[šşŒ^ëœÂËøn¢ÒLñxÑq5—ÍGŒfrõ‚Ú€nÍ¹ac†Ì<&}îd¿ÚºéëüªøÕà¿Ó¤‚K7’ŠÍˆ)WÅìF²CHw„!jæÿˆ3ôs”ùŞ €`°©`.i²•.åğĞ!@“
R…§§ÓrÌú®ª>’øĞ7+¨áÛøï?ÀxxdªW6ÔÔ‹)ÖÌÁæZŸ…&Oc]o#sY„:ıÒ™Õ]Ó g¨¥úªˆÏ 2zNˆ“k½*× 8•ØCøİh§ıi’{–zeĞ=ÚAÕ¥2Ã?â°ÚÊ½Y(â§U7A%Í²ÒŒ¶d¢`F,9°á ²ßµå‹ûxˆ5:‰şØmñGá„_iQö0)_4–!¯>”ËÑNö0í})ÆšŠÚæïf_p0S;Ì»š?+á>°Ù,8ûNªÑÄß{‰”ø³Ñt±VíQ§1ëG6HùÈoşQQ]ö·È¡)Ÿúßÿ|¨:W-f¾eÃY¿gÎŠ|$Ó%]ª.it"Ãê5NO )8§§Iz÷dšõïÉ8ÖŞ¬86kNcRôºQ@?b/TÃ{2©»] Û;Ò˜â­ºZõ2÷2y8Ëáa2QåÈ
pÎõJk¢¨$ÌX”»—q½ø§#zò{Å—'‡Ù§°Cë·Ìêë(‹uKòÙ¦ ôt®ë¶º-¥§ö7õ8²å#ŒHFU@û¶dŞÿH÷wã"Û/°-ıšåY-@¸Ú»ÂcàÕ_Š¸@/¸¬ $¦d#C×Ij3²ÎiQ¢Rc "–œWôPFVh&è»¥“ß2ø>Ó+dÄØº=r¯oC	gù|Y°ÿLÎ kaA¶h[vWš™¶5«nK'ê¤ÆË[ã¢Û„¥pGÅÑJ˜–%&Q†É‚™ƒ>¨‰ºhĞf3ÖFŸÓÛ×Ş?6ÙkÛöÆº¢n•DÇ«ÍõBáH)²¾£©Bkï“ï7"”¨œ4Jü¤4Uµè×‡‘…zJê+\`§—IGˆŒ/ÙH³õSÛÅÔx1É§HÕO†-ˆÛ“ÿº\?ñîq·úÔÎ¢»Çí–¤CÜÏMZÁÄ6¦¼|¤@²¹cÀÛdÒİXFİùÙµÀğÑ¬oîCÖÇ]TŒ„ò¥ŞdâèV~ÒSÅˆNr{	4ï6rLe¦êš˜Å‚ÅĞ·Î> Ğ¶(XU|ó*E¯è	q@«©Ic'‚Zpøö#uGvfñŸNÓÙÏ†|íã¶$(	öÉkÜ®ƒ.€Õœ ßnÔÏ †º%À»¼È÷Ã6fÁºŠØr‹#B»U		F‡ÓSZ‘Ì<8<Lçëà%lğˆDÊ‚aeËø‹ÓhİEy\]Ö’&d€%‘Û¢òÌäi„O`*.H¬›ˆ'ªHg~ÖİE•:Ğ_«@äq%İÂ1£*İ"DTi&@ìMÄx2y±ıİ°±÷g‚”7¥Ñ—41~lT‰ÿ%„“ŠwZÖeTò™_¸Ñ’×N‹*‚âãgQİË¨×œ9™ƒÙÁ†Ô°j›²åVö2¡¡½äz]À‰¢{EŠ4XJÈxÈô¯HQB.ÀN‹½ğJ“z=ƒ´tÅc ì‹Şóê¼$:]g<CÂ2`QÄŸÃ42³¯”‘Ş •-+9«G©ú3¦O¤Î¥^¨İÿi)ÄèŠ®gâúêi—D˜û%'‚¤I[%]Ij#®[·'Zµ»¹¥‰5·›a’]!Ë]}“]~1[tcÎğk‹”°£»fÓ‘“ØßÇ†vÏd¸Eñ8î¯q¬yeî©$»€n‰«LÆ”ƒ%ut°7†Ky?{
Âz‡ß|tÏtÂZüÂÙ²t1„ƒÿÍ_èÙ|=ş>¾ØF`å®9fİPNë+­*C¤Æ+qÑ W•µ”Å‹¶Jc×LÏg6•Gçµ1(Â3Î2®RXÁ+µãh9wĞ)Q7näÌ)AŒ_]TÜ²gY± Ø–Kœ·G&Š¢*3[Ï¹ë5IPDéõš‚Ğn©ô¹2õÌÒ0ˆzÊw§ å] ë”‹ün{¨mÑÆŸÓmÜúñíà-wáP-IŞ”ÆƒŒÂŞ9ó¾yD‹$0ÏDçJlÑQó*-ŠÂOâ¬2·/gL4·RÄĞUpq§}-tj(Ğ3úçİu%¼M&íbäSg’åg7È˜¾hà–¬ÙG,ïZöşl‡Iè#ï’ ¾wêé¦(Ôú¢pyY\-l­a¬ïù¶ê] ²ãïĞ$ãÛH›¹UJúgÒˆf&—é®œ^¬TÛ±íµOµ#Iq£Â ¥Eàéd2˜õÙK‚Z&E³'çI‚km8næ)#ÍV±„ç®,½ØÊ&îb»ú
Ü½a{^†[s±×å'ÚÄ[Û+kÊKûj£òm/g¯B;wÍ
ì˜ÀY)¼ßTÁ-k4ÜÕ-31Jø }s¶Lä—f‘SÖf”3DÑ0é¹E+(ºôÆq ĞÍev‹ıiŞPÜÄ÷b÷%Ã¾WNA§œLU¦Ù ©™Ö´ñ¸øO(. ½ï
Û¼qóD²a,äõƒ»ĞrE…‹µd¤É Â6îZáG_7sŞ1MjÒJşNüÅiôOM²¯¤¾ğ–m9¹Ã.ª_OçÑ¿6ˆ¸tçW»ã«úÂğò·66Z #v~Ïx:tß[y¬ÍhŒßúÖâgœ‘_ó}¢-$?­Ê±,…kfÅ¹mæxM1À|^½ìnş™lhNS*Ò¿¿çdxG„ºÎ½ü±5Ï"H«œØĞŠºgˆ qg‰ßÿİ¯óé}ÇV!´QBl;òİáŠs<»Y
çM¸õçQŞ|ßYµ$«N„ïwˆLW§·´®[}C.ô˜_wRVQª°T“– ²aAÎH‰kšÆã•6ÏË ÎÇ©ø‚¿û_ÿMqÀLHVÑZÈßèßh^EˆZ)	ĞJ¹{|~.ºÌu…æ/‰/¦aèËåHrWfMúÆBÕ^’@ïhº­œ9IêXŸ.ì…õ’G92Ï$7ÅÜf"½s#İßŒ0p½”5!!¯Ÿ™Î£jà0‡õ×l	/Fâ"
2ï¬YŞ]fü‰Yšö¤ÔâO¯5m|îyÜl›-Nñ¶gDO „ô%£(° ºVâ;DüåzVÎµUJ„#pØá3×Zey²¿G†îøYÉB¦ºI‰	F`"#¸\+Ê.‰¿ÔHÕ‚>^%rÂxóiˆz¸W
tJQæ7XtÂ#~
ƒñãMƒ‘í‡#“~O—À&ÆÒÙsJzBl,b²:ƒ¤#»!$f<Êxäí™jÈ0®©¨ÀÛ1="½¤LŠøÓQôry[dÜÑóÆFÙ¨"yŞ³Ntæx÷…T>ªMYı9	/p©‹¥øÒ/‰¨–Ñ/èS~Ä'İc·›_˜‰ƒj¹@2\	­œ*J°q øÖ3Ì°â÷Ñ ˆ›$ RËºWS×VÏÀJª š'’ÂåIp¨ş,ĞvpüSêÀWÁ©Ô0F2„E
0cTŸ+ÓW3ÊŸø‚’ ˜İ°ÌäÃZÅÔ…õ?ğœmîÔeå”e“É CÑÏÖt_âŒã
ŒŸ]'nmLMÊÄYW4>0ßİhë.ş`šºëN_s½Z 5¡b¡"i*Òƒ]¢jnu¬_™ŠzÍ¡®áŞê[n¨ÿê+tƒéäØªİøÔë4é­4¿¬D'n—E2ˆEŒ¤CŞyµbÊ3×Ôrq]’	³­~¡”Ş­ë2e©Wæ×ÄÚ˜=£ÈU˜Â.Sc-p­ÑºKß9Ò>hŸk4ZÛ¨n\ÒM¦ø¨KX›o*±€×¥ô)`Ÿ¦©¦vhd‹Ì{Ót%FdPŠÊRøxå_%6ØæIó±tÁúé[	áß\¯VRjé,åo•¤ÂêJò*XBx³àÔ —íh06ßé)/µáÅX¦ø4Ø|ë¿·¹}úüä¥ÇÓê˜CZ`>Õÿğ›.h«Ìa…mŒçë%ßÎjÜ‰ëà%’¬b9?5—3x,§SuÆ¦SqXƒ…/!ó­ûçJ89ß‰»ŞÍú5²IôhB×=³aP …[¶­úOÕ¡‚k1Üfqó¥ãçÊhUÇa_Ú¿C´Ş‡µı&ø”ï?|·T.\˜©ˆp;)æJ ~Î2ÕyX®Õ^T¸zÚÑ®Q\‘ÓaàÛä¿lË¥X.Í*ÿ*+—•Á>6gÚ‡eˆ²éÖÉŠ[±ÇŸvCÑÔ_i•jÎÏq#@#}|Oş^­ÎğÁçËñvUÅ¶A%ºk
9@—.) âÓÂùm[ÒMAv7¥pø6UQçÑc¢'­š™‹…!Â+Ö²+ªåÔ”äjVvuW/„oæ÷²µª¦45óŒÛMUO¼.»XéÆªM¶ênª§Ûk¬Œ±ÑS®R-N(2ŠÒ@ªÃkÖu‚ÂÒÛª«‚Ã,%Å˜‘2ZÔV•¨4ªÇ:´‰H4Ğ¦ØzÃÕƒ&’ÓË¨×ËÈ050Š~é/˜²Ÿ@Xüé^¡}œ˜••6ŒIòõª©,ç†Íù0Z
2Æ(Ó"`kgğ¹¢5³Eãº¡•pa‰<`¥Ù­ôÁcº€·K]Ôd 
EŒSÜLŠh ÔÔ‰W|µíÅY£!LîtZÃI<éz¢Ÿ”ì|%q*;¸ASšL1YWú0BO =)dÆ÷L%4'ÍùjU}7 mà9º=Ÿ• Í>¯®ÅA<¢ó›‘sS¯­ê~Æny9Â^!—H>@jR<!b·ÚÖ„ÎèRùĞH½¤F‰ˆ‚œH/Q=cŠ§Ô3İŞÂa/ÖàÑÇõ¦Œ’(Çn fÑ³ayqüŞq`´w¬H\Ã0súj~Ãhò‚ı}Àã¶6¢ø0ĞW‘òD5'æ‚yÉ2§¥7¬AÖ*g3Zïyåıx0¯6Êà‹á ˜Ãq³”E2ĞùNIÊ‹es”ù¢1$£ºË”Á›ra_Øy°ÖT+c’Æ‘+î£ægHhø) vÛ
#x—ld£[íz;µ—¸§æ³dßªi·Ú°ì§‰±±W^ÀÛ+°bÚñtK µ‘ÂºMİ  ·†•}óMÔ%íğ8]è’¦xº#j*°&¬˜¤ß°<mİæÂŠ “B3çyt)ŞmMköƒ>^‡a `ÅˆÎÙˆüR)ƒ÷¥©3r. ~lEÆ;*bø­ä58µ’˜e[1×"†;	ÁwÑ†I\‰g‹c^E3ÿ4GiEA{à°l÷¹&±x@x´Õô~5Ìà‰À` N³ÜõU˜u´y}pzğf@.Ù„ykWÃÔÏÇ7nN¢^˜­vÁšN3M†!ÉÜ	Ã°
¶Ë’dç‚ÇQ9”‚Àš¯bÛ>)etŒìe£Íõº&eñà‡–%¿ÒSĞÌ'=„è»Jv.ÛTQŞeƒ(8¸Œ¾=Ëá|5ğ¯'ÃVüÂQÔK®SO˜hÜaê÷øgˆY¥YB®¤UkVÇ$§=×J*tÊa¸S®ÈÊöcXì!Œ³N¾K¦„cs8&Gæ Ê×’É
òFòÅ¶•se¡c©Ör‚³:bí»w(ÑRpNKa6Cs²è:°æşH®óÀÕfcA2œ6…Ö™ôtOüõ>ìÉ ÓaÅ\Ã«ÎÎe†Õá‘îr0÷í¸™ODQó7â"ÑSğaØv_ÒÕÌÊŞY¹+Œz»¯[êŞ%ö´¤õÌµ§ÚïBLŞÆóDŞ·™rlUwŒZY892ÈåTio¥Ò#²fGŸLÑŞ,¤Ûµmlk 
¿›5•YØêLKÜ	ªÑà”–1ÏcôPLĞ¶ávØw9–VÏü‡Ò„]I²£ßN&SÒ{2¤`)À{)™;|—iøf$äÃ´¹¹57ö%éÊÎ.á‡å/ Jé:“°_b#<§1˜o¢`lªÕÜG)ÂI$­'GíØ£OÂôIHƒM©	ÑX×ˆFb§ËÄŒ»iÖÕŒêH8Ø¤kYÓX4Â ä$Œ>Y÷aæX¿J2WÉÈÒm8²aŸ)Œã´‡#õ@¢LÚÁ2gaL/Ëé•©#I†‚4øå›VÄ9ÃU Ú½)şôï¿ÙÁ²nÿ’cü‹(¦ü¼¼lP–
è:	›é"õxÙs1¯ÅÑÂs¢Ÿ:ğŸz'šRKƒ§üœ?ùCğ6w>™ü…C‚_^;Õ{>Y°Nf	ÂBæøùß‘à™7œNïóXxMç÷ÊÜÔ”öŞ=@w®+ìßé Œ¦MÖL˜`ñÅ÷ı‡4ÜSÇX‰-Šë&ºÌ
*eâŒ=ÍÚ£¸ãIââÔXYnŸMæSÛ=œ®WHğƒHvÄÉ
öÍç¹‘×måäˆ¥ğks¦¤ÒI½Â¹x…^$;J +	'ÜƒÏ>ûÑçÅ"<\ÅtŠøG¨IŠÂÍ¿;m ‡xˆÓ!Lï‹Ø@	?²wzø¢Ÿˆ·>°Î¾©¿«Ì0¸_Âm¼Œüík3£ó©C*îUì@8£“ÔîkF„™K«ÇŒŞ ,Ş‡ë@<´îæb[4éÈÿín1»
†:r:Œµ¤ï,¸Üê´†EÆÌNp^7ÖO÷ïß‡¬>•Û¤ñè¾P¶ÛÆëáö_ÆEw*Q´zÆË\àûÅÁœT§¸…,bØë6øÓ÷GO~(u§‡÷ïC¥÷áı?¾}HäÁ‚Üµ¶L“¨Ø˜á;ov»ÂqN÷)FOë€8øÓ’ã&Òmşì>j8%ŸÛÅvbJÑ‹mW[şÁş—mÆáÛ—îŸì\òáO)îÉŠ«‘[*é¾ò¾jaõVG˜-7g‡Kò€\S—aÒ‘o=öğî¯Pşå./%+¼¶:A8ÿì•Ì}¹05ŒÖqÂ>_×Eén¡u€8g@|°ÃªÓ]GÓû-µ\É¹™˜Ôí¤‰%¾ÙW­{l³ŸG®¬YˆêZ¸ÆØø‘)_KøDTßeíÚ‚Æ1Á	Pİ&Z€.¬DrÂ±M©Ñd^ÏB 2}@ê^GÙ„D1	&—%f`sÆYÁíõû;\³@'ÃÙM6ÎÊø<tiOõÄ¨$‡biÚĞÏßĞ÷ä o×–†B7Xp!¿Ä¬e’QÖ!9oÚ²œ[€)ö)¥ÍZ+«Wñ…çÇZ¥‹-q@UÔ8ù@Å-óikTyÀÄ™ôõ(÷Y…Oÿw{öGÃQ/•ä+ÃF4•,­w¤Â}`’ó¾ôšÊr¸µ+Â:<Ö‡Ì÷œ“:r[~RB.GÍû@ˆ»†bk¹(†¦±¿]ågßÕÊ°CÚeÚ¢tû_qéù§yI[wB4n±~Æ=j@ñ›ÉF©øS`œöS¯J¶ŒÓÖ"œ0«Ùàì‰£0« |WHs%»?”ôT
&I–¹'@o˜.•–z&8ÄšêakA‰|—' ¯4~‡œéœÜÈÇZ
3›Z,`õÍ‹xYÓd8	ï7j<Ñ2ˆÍæ#)2T“nŠ*GT¦Ú²)2n#£rËk›LBìòPh¿–á	Ó‘à@/L©ì€‰Åïm¼Uá4Râ*”ğP‹
‘ÿw··öÆÒ×fÁJnC«ˆõ·aE~û/‰Ù}œ¥±]ŞµPØ¡{ä’9±¡J¢ŸåIR7×–XR ¥„¨'z–º‹ ,nÑÑØ3'§ŸO×I'cö"íù`Ê.Ö˜^ËİE«‘V"¤4œ åJ÷qL~
3Á©1ÅbuJmÇÎ°­*¢İä…†lVô£s»«óà¦<®1WÜO[8v Âs c` Ûø„«ÆêV‚á1@1LBÅÜÛ	‚ªÈ_QUtCvÃUjeoÑ%¼¶»ø‡ëïÛ¯®üº|F|Ñi=8­ÀVÅ™È	 (dÙ{ı&êF9mÇ$NÈn/gùÆñì<¶ß°wÀiF[»y÷}×Ã¼Z‘èÒz`í¯ö®ÖVsVÈ|•Gñç,ï–+¥*Z˜ U*äÅ~-´“1ö¢èï¨Z*_³,ì n{™)ÊŒˆŞêà¶ Ï´ï%®a8O1á~õæx‡ö:0zfsmĞ7slRüëüƒˆª=ˆmşáİ’Jb’ˆx‘VyĞp6ófv³£ç\ŸE¸ÎPÒ“T5—ë	]¯8»‰×Øùtd=lÍº~d!l‘¥8MéP ô| ¥vä‘Ñ HÀDjÒ9ğ0nD,L§NÁ´v˜õq%İkt¼Ùl\M"„i)BiàµDyo4®puÅFéà\íãüû[èéœ¿ÄY+éÈwršúÖÄ(ÿÊ™4ú0–tm$Úœ[€gîz[¡-4€"âZÔio	v˜kªT`-Úµ¹Û—‚!V5ê6ªlşF»óİÌuç‚~K‹cíß·+6qŸX(š¡	&\™ò}láh»3|{s­_wˆİ~Üò˜9ÚÒ!6¢˜Ú©lï>Wâ­ZàŠôé!v’ :’ÖhL}ç*¶$º&xH`g.-¿Œ< âïhåDvUÚíÍÙeù,t6 ËHä¬2RÏÎğu©ÃaS†/‡? YU*<;}áĞÖg4Ã0¯KÒŠsà§×åôO…+°Ë”Lì©·N‘:6Ds«¼ŠS=daÏ thızfÖ‘¢¢S®~™a„ç¢¼İ!$<jµ@BMk€kkamÚà~Ä$Í¹ iVÁSÄpÔQ…‰¡¹*Ä!—8´àZAnãÊ`;!ˆ”Gõ)#šJ¶6+i>œßÊM—»5¾‚«X¯xŠ(*>´l¶xö©"‡,ªÒZ§ÂÌŸ
e™éç†f‹õrn…p0Ö­bÀÂ´–‚ô“™f7\µ’Ì„°<ğQ†£x´™Ğ×_Õmµ¹¹FÒru*š.Êx&F-†ƒ•txXŸæ'Åö@®¼&T0ê1ŠUÎÂÁ©GŒÁ´Iğ×^[ĞÆ«ÄgçC{ğoR†¨+Kw›Ÿ ³ w‰N®ñ.İæ¹îì£Úæşsiƒßõ•\FŒ[˜f).êÈú–4ûÈtÇ&*m‰uŠ}ëc‡Sø*#Ëª“"§Ø³à§a“¨0åÈ–k¤~;{6fèÃê¶Jsl¦t¶¾=.¤Cë´'Ç&r–$ê~S·g…$_€M
0'i(œ³¨6ËÛ¸ÓzekŠçıèkºª£ôAVFP¢ Æhgƒµ~êY#N$|ù>¨Ïo0mÈöngÔcÂ,¦&ÛÌæ2I†ÄÌ-ÓüÅ­‘Zjv¹mgnš!-ÆîÚWÏ¤ås¨ä3×®œZF›^Ph‡Ü€¦gÿ`‚×OZÈL¬S–ã0xu¾ò ´RòPë…™M·ÖÑ"®Ù¥V£“³Z40Ñ$2”Á¢Ìq½…Ø·m¦JMhË—MèWM=I±<ğ2õ8âb™A“RuÖv,1Ú–÷È^‘mVŒ;ãnÉ^Îéy<ÛêFTmïq¥_¶Ú/c/F°¹Æ+`İ™±?˜‰ôq§…fˆ„ËØ¯tª2¸m¤Ì‹³ãa’:aÑ£ßıú7OF;İFño›8+èuuØ9/~6lW7lC\à¨Ñ;w»Ñµ]¶NTè„Iò                                                                                                                                                                                                                                                                                                                                                                                                                                                                                                                                                                                                                                                                                                                                                                                                                                                                                                                                                                                                                                                                                                                                                                                                                                                                                                                                                                                                                                                                                                                                                                                                                                                                                                                                                                                                                                                                                                                                                                                                                                                                                                                                                                                                                                                                                                                                                                                                                                                                                                                                                                                                                                                                                                                                                                                                                                                                                                                                                                                                                                                                                                                                                                                                                                                                                                                                                                                                                                                                                                                                                                                                                                                                                                                                                                                                                                                                                                                                                                                                                                                                                                                                                                                                                                                                                                                                                                                                                                                                                                                                                                                                                                                                                                                                                                                                                                                                                                                                                                                                                                                                                                                                                                                                                                                                                                                                                                                                                                                                                                                                                                     