"Page","Section","Section Description"
"Home","Navbar",""
"","Hero Header Section","Hero block introducing MezTal as a Mexico-based nearshore partner in Guadalajara and Mexico City, highlighting overlapping business hours with the US, ~50% savings vs US hiring, and featuring “WORLD STAFFING SOLUTIONS” and “MezTal helps you find exceptional talent and builds a connected community for mission‑driven teams.” Includes two CTAs: “Talk to Sales” and “Build Your Nearshore Team”."
"","Features List Section","Three value blocks: 1) “You make the hiring decisions / You train on your processes / You control the systems.” 2) Favorable cost of living in Mexico leads to competitive compensation and ~50% client savings. 3) “We manage the messy stuff: HR, IT, Office, Payroll, Recruiting.”"
"","Features List Section","Overview grid of Solutions with quick descriptions and links to each Solution page."
"","Features List Section","Overview of Industries served with descriptions and links to each Industry page."
"","Feature Section","“Why Guadalajara and Mexico City” band explaining why these locations are strategic talent hubs for US businesses, emphasizing cultural alignment and overlapping business hours."
"","Testimonial Section","Block with rotating or stacked testimonials: Scott Goldberg (Atlas Senior Living), Isaac Scott (Anthem Memory Care), Linda Cabrales (Senior Controller), using provided verbatim quotes."
"","CTA Section","Final CTA strip with info@meztal.com, +1‑832‑224‑3580, and a LinkedIn icon, encouraging visitors to get in touch or connect."
"","Footer",""
"Solutions","Navbar",""
"","Header Section","Page header: “Nearshore Staffing Solutions for Exceptional US Teams” – Introduction to MezTal’s full-service B2B solutions, with Guadalajara and Mexico City delivery, ~50% savings, and overlapping business hours with the US. Brief orientation: “Explore our specialized services to find the right talent for your business needs.”"
"","Features List Section","Grid or list of service offerings, each with a short description and internal link: Call Center Outsourcing; Customer Support & Remote Teams; Finance & Accounting Outsourcing; HR & Talent Acquisition; IT Staffing & Development; Software Development; Digital Marketing; Administrative & Back‑office; Design Outsourcing; Employer of Record Mexico; Sales Solutions; Accounting & Finance."
"","Features List Section","Highlights of what sets MezTal apart: 1) Dedicated teams in Guadalajara and Mexico City, 2) Overlapping business hours with the US, 3) You maintain control over hiring, processes, and systems, 4) MezTal manages HR, IT, Office, Payroll, Recruiting."
"","How It Works Section","Simple visual or step-by-step: “How Our Nearshore Staffing Process Works” – Discovery & Consultation, Talent Identification in Guadalajara and Mexico City, Collaborative Selection, Onboarding & Integration, Ongoing Support."
"","CTA Section","Prompt to connect: “Ready to build your nearshore team?” with buttons for “Talk to Sales” and “Build Your Nearshore Team.” Also display contact info (info@meztal.com, +1‑832‑224‑3580) and LinkedIn icon."
"","Footer",""
"Call Center Outsourcing","Navbar",""
"","Header Section","Page header introducing Call Center Outsourcing as a MezTal solution with a focus on dedicated, high-performing teams in Guadalajara and Mexico City, emphasizing overlapping business hours with the US and ~50% cost savings."
"","Feature Section","Key pain points and benefits: “Struggling with high turnover, rising costs, or coverage gaps? MezTal delivers reliable, bilingual call center professionals, trained to your standards, at ~50% lower cost than US teams.”"
"","Features List Section","Bulleted benefits: (1) Seamless integration with your systems/processes, (2) Fully managed HR, IT, payroll, and compliance, (3) Transparent, US-style communication and reporting."
"","How It Works Section","Simple 3-step process: Discovery & Requirements → Talent Match & Onboarding → Ongoing Support & Optimization."
"","Feature Section","Spotlight on Guadalajara and Mexico City: “Our call center professionals are based in Guadalajara and Mexico City, two leading hubs for skilled, bilingual talent—ensuring strong cultural alignment and overlapping business hours with the US.”"
"","CTA Section","Call-to-action inviting users to “Talk to Sales” or “Build Your Nearshore Team”, plus contact info (info@meztal.com, +1‑832‑224‑3580, LinkedIn icon)."
"","Footer",""
"Customer Support & Remote Teams","Navbar",""
"","Hero Header Section","Hero introducing MezTal’s Customer Support & Remote Teams solutions, emphasizing nearshore teams in Guadalajara and Mexico City, overlapping business hours with the US, and ~50% lower costs than US hiring. Clear headline and subhead, with CTA buttons (“Talk to Sales”, “Build Your Nearshore Team”)."
"","Features List Section","Key pain/benefit bullets: 1) Build dedicated remote teams trained to your standards, 2) Guarantee seamless communication and customer satisfaction, 3) Easily scale support up or down as needed."
"","How It Works Section","Simple 3-step process: Discovery & requirements, Talent matching & onboarding, Ongoing management & performance optimization."
"","Feature Section","Highlight Guadalajara and Mexico City as prime talent hubs with strong English, cultural alignment, and overlapping business hours with the US."
"","Testimonial Section","Relevant customer testimonial showcasing measurable results from MezTal remote support teams."
"","CTA Section","Clear call to action: Contact form, phone, and email to start building your remote support team."
"","Footer",""
"Finance & Accounting Outsourcing","Navbar",""
"","Hero Header Section","Hero introducing MezTal’s Finance & Accounting Outsourcing services, emphasizing dedicated Mexico-based teams in Guadalajara and Mexico City, with overlapping business hours with the US and ~50% cost savings. Headline: “WORLD STAFFING SOLUTIONS.” Subhead: “MezTal helps you find exceptional finance and accounting talent and builds a connected community for mission‑driven teams.” Two CTAs: “Talk to Sales”, “Build Your Nearshore Team”."
"","Features List Section","Key pain points and benefits: 1) Overcome US staffing shortages with skilled professionals in Guadalajara and Mexico City. 2) Achieve compliance, accuracy, and efficiency for your finance and accounting needs. 3) Save ~50% compared to US hiring without sacrificing quality."
"","How It Works Section","Simple 3-step process: 1) Consult with MezTal’s experts to define requirements. 2) Select and onboard dedicated finance/accounting professionals. 3) Manage your team directly while MezTal handles HR, payroll, and admin."
"","Feature Section","Highlight Guadalajara and Mexico City as prime locations for finance and accounting talent with strong cultural alignment and overlapping business hours with the US."
"","CTA Section","Encourage next steps: “Ready to build your finance & accounting team in Mexico? Contact info@meztal.com or call +1‑832‑224‑3580” with LinkedIn icon for further engagement."
"","Footer",""
"HR & Talent Acquisition","Navbar",""
"","Hero Header Section","Hero introducing “HR & Talent Acquisition” as a MezTal nearshore solution in Guadalajara and Mexico City, with overlapping business hours with the US and ~50% cost savings versus US hiring. Highlight: “WORLD STAFFING SOLUTIONS” and “MezTal helps you find exceptional talent and builds a connected community for mission‑driven teams.” CTA buttons: “Talk to Sales” and “Build Your Nearshore Team”."
"","Features List Section","Key pain/benefit bullets: 1) Access top HR, recruiting, and talent acquisition professionals in Mexico, 2) Rapid scaling for US clients with cultural alignment, 3) Reduce time-to-hire and administrative burden while saving ~50% on costs."
"","How It Works Section","Simple 3-step process: 1) Consult & scope your needs, 2) Interview and select your HR/talent team, 3) Onboard with MezTal’s support—while you maintain control of your process and systems."
"","Feature Section","Highlight: Guadalajara and Mexico City as deep talent pools for HR, recruiting, and human resources experts, with strong English skills, cultural fit, and overlapping business hours with the US."
"","CTA Section","Clear call-to-action: “Start building your HR & Talent Acquisition team in Mexico” with contact info (info@meztal.com, +1‑832‑224‑3580) and a LinkedIn icon."
"","FAQ Section","Short FAQ addressing: onboarding process, data security, typical roles filled (HR Generalist, Recruiter, RPO, Payroll, etc.), and how MezTal supports compliance."
"","Testimonial Section","Relevant testimonial: “Our decision to partner with Meztal was one of the best business moves we made in 2022. Since our initial work with Meztal, we have been ecstatic about how our business has grown with them and see them as a true partner – Isaac Scott"
"","Footer",""
"IT Staffing & Development","Navbar",""
"","Hero Header Section","Hero introducing IT Staffing & Development by MezTal as a nearshore solution based in Guadalajara and Mexico City, highlighting world-class tech talent, ~50% cost savings compared to US hiring, seamless integration with US teams, and overlapping business hours with the US. Includes headline: “WORLD STAFFING SOLUTIONS” and subhead: “MezTal helps you find exceptional talent and builds a connected community for mission‑driven teams.” CTAs: “Talk to Sales” and “Build Your Nearshore Team.”"
"","Features List Section","Key pain points and benefits: 1) Access to top-tier IT professionals in Guadalajara and Mexico City. 2) Scale your team quickly and flexibly with on-demand expertise. 3) Achieve ~50% cost savings while maintaining quality and control."
"","How It Works Section","Simple step-by-step process: 1) Define roles and requirements. 2) Source and vet candidates from Guadalajara and Mexico City. 3) You interview and select your team. 4) We handle HR, payroll, compliance, and onboarding. 5) Your dedicated team works in overlapping business hours with the US."
"","Feature Section","Spotlight on Guadalajara and Mexico City as tech hubs: “Our delivery teams in Guadalajara and Mexico City offer highly skilled developers and IT specialists with strong English proficiency, cultural alignment, and daily collaboration during overlapping business hours with the US.”"
"","Testimonial Section","Relevant testimonial (e.g., web development success) from Scott Goldberg: “We have a Team Lead, web development, and SEO specialists creating incredible results… more website traffic, leads, and instantly more lease signings… key metrics continue to increase far superior to our previous digital marketing campaigns.”"
"","CTA Section","Strong CTA inviting visitors to start building their IT team with MezTal—email (info@meztal.com), phone (+1‑832‑224‑3580), and LinkedIn icon."
"","Footer",""
"Software Development","Navbar",""
"","Hero Header Section","Hero introducing MezTal’s Software Development solutions: “WORLD STAFFING SOLUTIONS” headline. Subcopy: “MezTal helps you find exceptional talent and builds a connected community for mission-driven teams.” Emphasizes dedicated remote teams in Guadalajara and Mexico City, overlapping business hours with the US, and ~50% savings versus US hiring. CTA: “Talk to Sales” and “Build Your Nearshore Team”."
"","Features List Section","Key service areas: Web Development, App Development, Hire Developers in Mexico—each with a brief description and link to sub-service detail (if applicable)."
"","Features List Section","Pain points and benefits: 1) Rapid team scaling without local hiring bottlenecks. 2) Access to top-tier engineering talent in Guadalajara and Mexico City. 3) US-style communication and strong cultural alignment."
"","How It Works Section","Simple 3-step process: 1) Share your requirements, 2) Meet pre-vetted developers, 3) Launch your dedicated remote team."
"","Feature Section","Highlight: Guadalajara and Mexico City as tech hubs, focusing on robust talent pipeline, high English proficiency, and overlapping business hours with the US."
"","CTA Section","Direct CTA inviting users to discuss their software development needs: info@meztal.com, +1-832-224-3580, LinkedIn icon."
"","Testimonial Section","Relevant testimonial(s) from existing clients, especially those mentioning web or app development (if not, use rotating block with all testimonials for validity)."
"","Footer",""
"Digital Marketing","Navbar",""
"","Hero Header Section","Hero introducing Digital Marketing Nearshore Solutions, focused on building dedicated marketing teams in Guadalajara and Mexico City, emphasizing overlapping business hours with the US and ~50% cost savings. CTA: ""Talk to Sales"" and ""Build Your Nearshore Team""."
"","Features List Section","Key pain/benefit bullets: 1) Access top-tier digital marketing talent in Mexico at competitive rates, 2) Seamless collaboration with teams in Guadalajara and Mexico City during US business hours, 3) Scale your marketing efforts with flexible, dedicated specialists."
"","How It Works Section","Step-by-step process: 1) Define your digital marketing needs, 2) We present you with pre-vetted candidates, 3) You make hiring decisions and onboard, 4) MezTal handles HR, payroll, office, and compliance."
"","Feature Section","Dedicated marketing teams in Guadalajara and Mexico City offer strong cultural alignment, English fluency, and direct collaboration during overlapping US business hours."
"","CTA Section","Ready to supercharge your digital marketing? Contact MezTal at info@meztal.com, +1-832-224-3580, or connect on LinkedIn."
"","Footer",""
"Administrative & Back-office","Navbar",""
"","Header Section","Page header introducing Administrative & Back-office solutions, with a summary emphasizing MezTal’s expertise in building dedicated remote admin teams in Guadalajara and Mexico City, delivering ~50% cost savings and seamless collaboration thanks to overlapping business hours with the US."
"","Hero Header Section","Hero headline: “WORLD STAFFING SOLUTIONS” with supporting copy: “MezTal helps you find exceptional talent and builds a connected community for mission‑driven teams.” Includes two CTAs: “Talk to Sales” and “Build Your Nearshore Team.”"
"","Features List Section","Bullets outlining core pain points MezTal solves: 1) Tedious admin tasks draining US team focus. 2) Difficulty finding reliable, cost-effective admin support stateside. 3) Need for scalable, process-driven back-office solutions."
"","Benefits Section","Key benefits: Highly qualified admin professionals in Guadalajara and Mexico City, competitive compensation, strong English skills, cultural alignment, and overlapping business hours with the US."
"","How It Works Section","Simple three-step process: 1) Discovery call to map your needs. 2) MezTal sources, screens, and presents the best talent. 3) You select and onboard your back-office team, with MezTal handling HR, IT, payroll, and office logistics."
"","Feature Section","Highlight: “Why Guadalajara and Mexico City?”—explains these cities’ deep talent pools, professional infrastructure, and proximity to US business culture and hours."
"","CTA Section","Final call-to-action with info@meztal.com, +1‑832‑224‑3580, and a LinkedIn icon—prompting visitors to start building their nearshore admin team."
"","Footer",""
"Design Outsourcing","Navbar",""
"","Hero Header Section","Hero block introducing MezTal’s Design Outsourcing: Build creative, high-performing design teams in Guadalajara and Mexico City with overlapping business hours with the US, delivering ~50% savings versus US hiring. Includes hero copy: “WORLD STAFFING SOLUTIONS” and “MezTal helps you find exceptional talent and builds a connected community for mission‑driven teams.” Prominent CTAs: “Talk to Sales” and “Build Your Nearshore Team.”"
"","Features List Section","Key pain/benefit bullets: 1) Access top-tier designers in UI/UX, branding, digital, and creative. 2) Seamless collaboration—your team, your processes, your tools. 3) Overlapping business hours with the US for real-time feedback and collaboration."
"","How It Works Section","Simple, step-by-step process: 1) Define your design needs. 2) Interview and select from Guadalajara and Mexico City talent. 3) Onboard and integrate with your US team. 4) MezTal handles HR, IT, payroll, and compliance."
"","Feature Section","Spotlight on Guadalajara and Mexico City as creative hubs: Share why these cities are magnets for world-class design talent, their strong cultural alignment, and the benefits for US companies."
"","CTA Section","Strong closing CTA: “Ready to scale your design capabilities?” Includes info@meztal.com, +1‑832‑224‑3580, and a LinkedIn icon for direct connection."
"","Testimonial Section","Featured testimonial relevant to creative or design staffing, or a rotating testimonial if available. (If none specific, select from provided pool to reinforce trust.)"
"","Footer",""
"Employer of Record Mexico","Navbar",""
"","Hero Header Section","Hero introducing MezTal’s Employer of Record services in Guadalajara and Mexico City for US companies. Messaging highlights seamless hiring, local compliance, and “WORLD STAFFING SOLUTIONS.” Subheadline: “MezTal helps you find exceptional talent and builds a connected community for mission‑driven teams—enjoy ~50% savings, cultural alignment, and overlapping business hours with the US.” CTA buttons: “Talk to Sales” and “Start with EOR.”"
"","Features List Section","Key pain points solved and benefits: 1) Full Mexican HR, payroll, and benefits compliance without entity setup. 2) Reduce cost and legal risk—~50% savings vs US hiring. 3) Access top talent in Guadalajara and Mexico City with close cultural fit and overlapping business hours with the US."
"","How It Works Section","Step-by-step simple process: MezTal hires talent on your behalf → We handle contracts, payroll, taxes, and compliance → You manage daily work and performance."
"","Feature Section","Highlight “Why Guadalajara and Mexico City”: Premier talent pools, strong professional infrastructure, and unmatched proximity for US-based businesses."
"","Testimonial Section","Relevant testimonial (e.g., “Partnering with MezTal was one of our best strategic decisions...”) to build trust and credibility."
"","CTA Section","Prominent CTA with contact info: info@meztal.com, +1‑832‑224‑3580, and LinkedIn icon, encouraging companies to get in touch about Employer of Record solutions."
"","Footer",""
"Sales Solutions","Navbar",""
"","Header Section","Page title and intro: “Sales Solutions: Build and Scale Your Revenue Teams in Mexico (Guadalajara & Mexico City) with MezTal.” Brief overview of delivering top sales talent with overlapping business hours with the US and ~50% cost savings."
"","Feature Section","Key pain points and benefits: Bullet list highlighting challenges MezTal solves (difficulty hiring in US, need for cost savings, need for quick ramp-up, desire for cultural alignment, Guadalajara and Mexico City’s talent pool, overlapping business hours with the US)."
"","How It Works Section","Step-by-step process: 1) Define your ideal sales profile 2) MezTal recruits & vets candidates from Guadalajara and Mexico City 3) You select and onboard your team 4) MezTal handles HR, IT, payroll, and compliance."
"","Feature Section","Highlight: MezTal’s Mexico-based teams in Guadalajara and Mexico City provide English-fluent, culturally aligned, revenue-driven professionals who work on your systems and integrate with your US-based workflow."
"","Testimonial Section","Relevant testimonials from clients who have scaled sales or revenue teams with MezTal, or rotating general testimonials if sales-specific aren’t available."
"","CTA Section","Clear call to action: “Ready to grow your sales team? Talk to Sales” and “Build Your Nearshore Team” with contact info, phone, and LinkedIn icon."
"","Footer",""
"Accounting & Finance","Navbar",""
"","Hero Header Section","Hero introducing MezTal’s Accounting & Finance solutions for US businesses, emphasizing nearshore teams in Guadalajara and Mexico City, ~50% cost savings, cultural alignment, and overlapping business hours with the US. Clear page title “Accounting & Finance Outsourcing in Mexico” and a CTA (“Talk to Sales” / “Build Your Nearshore Team”)."
"","Features List Section","Key pain/benefit bullets: (1) Access top-tier finance professionals in Mexico; (2) Reduce payroll, accounting, and tax costs by ~50% compared to US hiring; (3) Retain control—your processes, your systems, your oversight."
"","How It Works Section","Simple 3-step process: (1) Define your accounting/finance needs; (2) Interview and select dedicated Mexican talent; (3) MezTal handles HR, payroll, compliance, and local support—your team delivers results."
"","Feature Section","Highlight Guadalajara and Mexico City as financial talent hubs: skilled, bilingual professionals, strong cultural fit, and real-time collaboration thanks to overlapping business hours with the US."
"","Features List Section","Service offerings: (1) Accounting Outsourcing, (2) Payroll Management, (3) Tax Services—with a brief description and link to deeper service pages where relevant."
"","CTA Section","Final call-to-action with “Ready to transform your finance team? Contact us at info@meztal.com, +1-832-224-3580, or connect on LinkedIn.”"
"","Testimonial Section","Featured testimonial from a satisfied MezTal client, reinforcing success in finance outsourcing."
"","Footer",""
"Industries","Navbar",""
"","Header Section","Title: ""Industries We Serve"" and intro copy: “MezTal builds dedicated nearshore teams for US businesses in Guadalajara and Mexico City, with overlapping business hours with the US and ~50% savings over US hiring. Explore key industries we empower with exceptional talent in Mexico.”"
"","Features List Section","Industries overview grid: Senior Living / Life Plan Communities, Memory Care & Elder Care Technology, Healthcare, AgeTech, Real Estate / Property. Each industry features a brief description and a “Learn More” link to its detail page."
"","Feature Section","""Why Mexico: Guadalajara and Mexico City"" band—highlighting deep talent pools, strong cultural alignment, and overlapping business hours with the US. Emphasize why these cities are ideal for US industry partners."
"","Features List Section","Prominent links to relevant Solutions for each industry, reinforcing how MezTal’s services can transform business operations."
"","CTA Section","Strong CTA inviting users to talk to sales or build their nearshore team, with info@meztal.com, +1‑832‑224‑3580, and LinkedIn icon."
"","Footer",""
"Senior Living / Life Plan Communities","Navbar",""
"","Header Section","Page header introducing MezTal’s nearshore solutions for Senior Living / Life Plan Communities, emphasizing expertise in building dedicated remote teams in Guadalajara and Mexico City with overlapping business hours with the US."
"","Feature Section","Key pain points and benefits for senior living operators: scalable staffing, qualified talent, ~50% savings vs US hiring, and strong cultural and language alignment."
"","Features List Section","Bulleted list of top MezTal solutions for this industry: Digital Marketing, Customer Support & Call Center, HR & Recruiting, Finance & Accounting, Administrative & Back-Office, IT & Software Development."
"","How It Works Section","Simple 3-step process to build a nearshore team: 1) Discovery & role definition; 2) Candidate selection & interview (you make the call); 3) Seamless onboarding and ongoing support."
"","Feature Section","“Why Guadalajara and Mexico City” — highlights deep talent pool, English proficiency, cultural alignment, and overlapping business hours with the US."
"","Testimonial Section","Relevant testimonial(s) from Atlas Senior Living and/or Anthem Memory Care, using provided verbatim quotes."
"","CTA Section","Clear call to action: “Talk to Sales” and “Build Your Nearshore Team” with info@meztal.com, +1‑832‑224‑3580, and LinkedIn icon."
"","Footer",""
"Memory Care & Elder Care Technology","Navbar",""
"","Header Section","Page header introducing MezTal’s expertise in staffing for Memory Care & Elder Care Technology, with a brief summary of the critical need for specialized, mission-driven teams supporting elder care organizations in the US, and emphasizing Guadalajara and Mexico City as prime talent hubs with overlapping business hours."
"","Feature Section","Key pain points and benefits: US providers need reliable, cost-effective remote teams for digital transformation, EMR/EHR management, compliance, customer support, and tech-enabled care—MezTal delivers ~50% savings and high-quality outcomes."
"","Features List Section","Prominent MezTal solutions for this sector:"
"","How It Works Section","Step-by-step outline of MezTal’s process: consult, role definition, candidate vetting, client interviews, onboarding, and ongoing support—client controls processes, MezTal handles HR, payroll, and admin."
"","Feature Section","Why Guadalajara and Mexico City: Highly educated, English-proficient workforce, cultural alignment, deep healthcare & tech talent pools, and true overlapping business hours with the US."
"","Testimonial Section","Relevant testimonial (e.g. Scott Goldberg or Isaac Scott) showcasing MezTal’s positive impact on senior/elder care operations."
"","CTA Section","Encourage outreach: “Talk to Sales” and “Build Your Nearshore Team” buttons, plus contact email, phone, and LinkedIn."
"","Blog List Section","Links to relevant case studies, insights, and resources for elder care technology and staffing."
"","Footer",""
"Healthcare","Navbar",""
"","Header Section","Headline: “Healthcare Staffing Solutions in Guadalajara and Mexico City” with subhead explaining MezTal’s expertise in building nearshore healthcare teams for US organizations, emphasizing overlapping business hours with the US and ~50% cost savings."
"","Feature Section","Key pain/benefit bullets: 1) Access to skilled healthcare talent (medical billing, patient support, healthcare IT, admin, revenue cycle management) in Guadalajara and Mexico City; 2) Overlapping business hours with the US for seamless patient and provider communication; 3) Streamlined compliance and data security for HIPAA and US regulations."
"","How It Works Section","Simple process: Discovery call, role alignment and candidate selection, rapid onboarding, ongoing support and management—featuring MezTal’s role in handling HR, payroll, office, and IT “so you can focus on care.”"
"","Feature Section","Highlight: “Why Guadalajara and Mexico City?”—trusted hubs for highly educated healthcare talent, cultural proximity, and strong English proficiency, all with ~50% savings vs US hiring."
"","Features List Section","Related Solutions: Finance & Accounting Outsourcing, Customer Support & Remote Teams, IT Staffing & Development, Administrative & Back-office, with quick links to each."
"","CTA Section","Call to action: “Ready to scale your healthcare team with world-class talent and seamless US collaboration? Contact MezTal today.” Includes info@meztal.com, +1‑832‑224‑3580, and LinkedIn icon."
"","Footer",""
"AgeTech","Navbar",""
"","Header Section","Header with page title ""AgeTech Staffing & Solutions"" and a supporting intro: MezTal connects innovative AgeTech companies with exceptional nearshore talent in Guadalajara and Mexico City, delivering ~50% cost savings and seamless collaboration thanks to overlapping business hours with the US."
"","Feature Section","Key pain/benefit bullets: - Access specialized AgeTech talent quickly - Scale development and support teams as your product grows - Reduce operational costs by ~50% without sacrificing quality - Strong cultural alignment and fluent English for easy integration."
"","How It Works Section","Simple 3-step process: 1. Share your AgeTech vision and talent needs; 2. Interview and select top candidates from Guadalajara and Mexico City; 3. Launch and manage your dedicated remote team with MezTal handling HR, IT, payroll, and admin."
"","Feature Section","Guadalajara & Mexico City Talent Band: Highlight the robust tech ecosystems, proven healthcare and AgeTech experience, and why these cities are ideal for US-facing AgeTech support—emphasize overlapping business hours and close collaboration."
"","Features List Section","Relevant Solutions: - Software Development (link) - IT Staffing & Development (link) - Customer Support & Remote Teams (link) - Digital Marketing (link) - Administrative & Back-office (link)"
"","Features List Section","Relevant Industries: - Healthcare (link) - Senior Living / Life Plan Communities (link) - Memory Care & Elder Care Technology (link)"
"","Testimonial Section","Include a testimonial relevant to AgeTech or a general MezTal testimonial, such as Scott Goldberg’s or Isaac Scott’s, to reinforce trust and successful client outcomes."
"","CTA Section","Final CTA: “Ready to accelerate your AgeTech growth with nearshore talent from Guadalajara and Mexico City? Contact us at info@meztal.com or +1-832-224-3580, or connect on LinkedIn.”"
"","Footer",""
"AgeTech","Navbar",""
"","Header Section","Page title: “AgeTech Staffing Solutions for Innovative Senior Care” and subheading: “Unlock specialized AgeTech talent in Guadalajara and Mexico City with MezTal – your nearshore partner for mission-driven teams and seamless US collaboration.”"
"","Hero Header Section","Hero block featuring MezTal’s expertise in sourcing AgeTech talent from Guadalajara and Mexico City, emphasizing overlapping business hours with the US, ~50% savings vs US hiring, and a CTA: “Talk to Sales” and “Start Building Your AgeTech Team.”"
"","Features List Section","Key pain/benefit bullets:"
"","How It Works Section","Simple process: Discovery call, customized team proposal, talent selection from Guadalajara and Mexico City, onboarding, dedicated support."
"","Feature Section","Highlight: “Why Guadalajara and Mexico City are the Talent Hubs for AgeTech” — skilled workforce, strong tech education, cultural fit, and overlapping business hours with the US."
"","Features List Section","Relevant MezTal solutions for AgeTech:"
"","CTA Section","Contact MezTal: info@meztal.com, +1‑832‑224‑3580, LinkedIn icon, “Get in Touch About AgeTech Talent”"
"","Testimonial Section","Relevant testimonial: “Partnering with MezTal was one of our best strategic decisions…” (Scott Goldberg, Atlas Senior Living)"
"","Footer",""
"Real Estate / Property","Navbar",""
"","Header Section","Page header introducing MezTal’s specialized nearshore staffing for the Real Estate & Property sector, emphasizing teams based in Guadalajara and Mexico City, ~50% savings vs US hiring, and overlapping business hours with the US."
"","Feature Section","Key pain and benefit bullets: Address challenges in US real estate staffing (cost, talent shortages, time zone misalignment), and how MezTal’s Mexico-based teams solve them with cultural alignment and cost savings."
"","How It Works Section","Simple step-by-step process: (1) Assess team needs, (2) Select and interview Guadalajara/Mexico City candidates, (3) Onboard and integrate, (4) Ongoing HR/payroll/office support."
"","Features List Section","Prominent solutions for Real Estate & Property: Call Center Outsourcing, Digital Marketing, Accounting & Finance, Administrative & Back‑Office, IT/Software Development—with links to relevant Solutions pages."
"","Feature Section","Why Guadalajara and Mexico City?—Highlight the strategic advantages, talent pool, and overlapping business hours with the US for real estate operations."
"","Testimonial Section","Relevant testimonial(s) from existing MezTal clients (e.g., Atlas Senior Living), reinforcing MezTal’s impact in property management and real estate."
"","CTA Section","Strong call-to-action: “Talk to MezTal about building your Real Estate/Property team in Mexico”—with contact email, phone, and LinkedIn icon."
"","Footer",""